Family,Genus,Subgenus,Species,1996,1997,1998,1999,2002,2011,2012,Prop. years present,New/ Absent in 2011-12,1988,1996,1997,1998,1999,2002,2011,2012,Num_years,1996,1997,1998,1999,2002,2011,2012,,New/ Absent,Absent = 95,New = 48,Loc,NewlandsOnly,OldName,1996,1997,1998,1999,2002,2011,2012,,New 97,New 98,New 99,New 02,New 11,New 12,,Unique 96,Unique 97,Unique 98,Unique 99,Unique 02,Unique 11,Unique 12,,96:97,96:98,96:99,96:02:00,96:11:00,96:12:00,97:98,97:99,97:02:00,97:11:00,97:12:00,98:99,98:02:00,98:11:00,98:12:00,99:02:00,99:11:00,99:12:00,2:11,2:12,11:12
Andrenidae,Ancylandrena,,atoposoma,S, , , , , , ,0.14,A,,1,,,,,,,1,S, , , , , , ,,A,1,0,,,,1,0,0,0,0,0,0,,0,0,0,0,0,0,,1,0,0,0,0,0,0,,0,0,0,0,0,0,0,0,0,0,0,0,0,0,0,0,0,0,0,0,0
Andrenidae,Andrena,(Anchandrena),quercina, , ,R, , ,R,R,0.43, ,,,,5,,,3,2,3, , ,R, , ,R,R,, ,0,0,,,,0,0,1,0,0,1,1,,0,1,0,0,0,0,,0,0,0,0,0,0,0,,0,0,0,0,0,0,0,0,0,0,0,0,0,1,1,0,0,0,0,0,1
Andrenidae,,(Belandrena),nemophilae, , ,R, , ,S,R,0.43, ,,,,5,,,1,3,3, , ,R, , ,S,R,, ,0,0,,,,0,0,1,0,0,1,1,,0,1,0,0,0,0,,0,0,0,0,0,0,0,,0,0,0,0,0,0,0,0,0,0,0,0,0,1,1,0,0,0,0,0,1
Andrenidae,,,palpalis, ,R,R, , , , ,0.29,A,,,3,6,,,,,2, ,R,R, , , , ,,A,1,0,,,,0,1,1,0,0,0,0,,1,0,0,0,0,0,,0,0,0,0,0,0,0,,0,0,0,0,0,0,1,0,0,0,0,0,0,0,0,0,0,0,0,0,0
Andrenidae,,(Cremnandrena),anisochlora, , ,C, , ,C,R,0.43, ,,,,29,,,22,5,3, , ,C, , ,C,R,, ,0,0,,,,0,0,1,0,0,1,1,,0,1,0,0,0,0,,0,0,0,0,0,0,0,,0,0,0,0,0,0,0,0,0,0,0,0,0,1,1,0,0,0,0,0,1
Andrenidae,,(Dasyandrena),cristata, , ,R, , , , ,0.14,A,,,,2,,,,,1, , ,R, , , , ,,A,1,0,,,,0,0,1,0,0,0,0,,0,1,0,0,0,0,,0,0,1,0,0,0,0,,0,0,0,0,0,0,0,0,0,0,0,0,0,0,0,0,0,0,0,0,0
Andrenidae,,(Derandrena),arctostaphylae, , ,S, ,S, , ,0.29,A,,,,1,,1,,,2, , ,S, ,S, , ,,A,1,0,,,,0,0,1,0,1,0,0,,0,1,0,0,0,0,,0,0,0,0,0,0,0,,0,0,0,0,0,0,0,0,0,0,0,0,1,0,0,0,0,0,0,0,0
Andrenidae,,,californiensis, , ,R, ,S,S,R,0.57, ,,,,10,,1,1,8,4, , ,R, ,S,S,R,, ,0,0,,,,0,0,1,0,1,1,1,,0,1,0,0,0,0,,0,0,0,0,0,0,0,,0,0,0,0,0,0,0,0,0,0,0,0,1,1,1,0,0,0,1,1,1
Andrenidae,,,n. sp.,S,S,R, , ,R,C,0.71, ,,1,1,9,,,5,69,5,S,S,R, , ,R,C,, ,0,0,,,,1,1,1,0,0,1,1,,0,0,0,0,0,0,,0,0,0,0,0,0,0,,1,1,0,0,1,1,1,0,0,1,1,0,0,1,1,0,0,0,0,0,1
Andrenidae,,,vandykei, , ,C, ,S,S, ,0.43, ,,,,16,,1,1,,3, , ,C, ,S,S, ,, ,0,0,,,,0,0,1,0,1,1,0,,0,1,0,0,0,0,,0,0,0,0,0,0,0,,0,0,0,0,0,0,0,0,0,0,0,0,1,1,0,0,0,0,1,0,0
Andrenidae,,,viridissima, , , , , ,R, ,0.14,N,,,,,,,3,,1, , , , , ,R, ,,N,0,1,P5,1,,0,0,0,0,0,1,0,,0,0,0,0,1,0,,0,0,0,0,0,1,0,,0,0,0,0,0,0,0,0,0,0,0,0,0,0,0,0,0,0,0,0,0
Andrenidae,,(Diandrena),apasta, , , , ,S, , ,0.14,A,,,,,,1,,,1, , , , ,S, , ,,A,1,0,,,,0,0,0,0,1,0,0,,0,0,0,1,0,0,,0,0,0,0,1,0,0,,0,0,0,0,0,0,0,0,0,0,0,0,0,0,0,0,0,0,0,0,0
Andrenidae,,,chalybioides, , , , , , ,S,0.14,N,,,,,,,,1,1, , , , , , ,S,,N,0,1,P7,0,,0,0,0,0,0,0,1,,0,0,0,0,0,1,,0,0,0,0,0,0,1,,0,0,0,0,0,0,0,0,0,0,0,0,0,0,0,0,0,0,0,0,0
Andrenidae,,,cuneilabris, , , , , , ,S,0.14,N,,,,,,,,1,1, , , , , , ,S,,N,0,1,Airstrip,1,,0,0,0,0,0,0,1,,0,0,0,0,0,1,,0,0,0,0,0,0,1,,0,0,0,0,0,0,0,0,0,0,0,0,0,0,0,0,0,0,0,0,0
Andrenidae,,,lewisorum,S,R,S,C, ,C,C,0.86, ,,1,2,1,12,,16,16,6,S,R,S,C, ,C,C,, ,0,0,,,,1,1,1,1,0,1,1,,0,0,0,0,0,0,,0,0,0,0,0,0,0,,1,1,1,0,1,1,1,1,0,1,1,1,0,1,1,0,1,1,0,0,1
Andrenidae,,,nothocalaidis, , ,S, , , , ,0.14,A,,,,1,,,,,1, , ,S, , , , ,,A,1,0,,,,0,0,1,0,0,0,0,,0,1,0,0,0,0,,0,0,1,0,0,0,0,,0,0,0,0,0,0,0,0,0,0,0,0,0,0,0,0,0,0,0,0,0
Andrenidae,,,puthua, ,R,C, , ,C,R,0.57, ,,,7,20,,,18,4,4, ,R,C, , ,C,R,, ,0,0,,,,0,1,1,0,0,1,1,,1,0,0,0,0,0,,0,0,0,0,0,0,0,,0,0,0,0,0,0,1,0,0,1,1,0,0,1,1,0,0,0,0,0,1
Andrenidae,,,subchalybea, , ,R,R,R,C,C,0.71, ,,,,5,2,4,28,126,5, , ,R,R,R,C,C,, ,0,0,,,,0,0,1,1,1,1,1,,0,1,0,0,0,0,,0,0,0,0,0,0,0,,0,0,0,0,0,0,0,0,0,0,0,1,1,1,1,1,1,1,1,1,1
Andrenidae,,(Erandrena),principalis, , ,R, , , , ,0.14,A,,,,3,,,,,1, , ,R, , , , ,,A,1,0,,,,0,0,1,0,0,0,0,,0,1,0,0,0,0,,0,0,1,0,0,0,0,,0,0,0,0,0,0,0,0,0,0,0,0,0,0,0,0,0,0,0,0,0
Andrenidae,,,astragali, ,S,R, , ,S,R,0.57, ,,,1,4,,,1,3,4, ,S,R, , ,S,R,, ,0,0,,,,0,1,1,0,0,1,1,,1,0,0,0,0,0,,0,0,0,0,0,0,0,,0,0,0,0,0,0,1,0,0,1,1,0,0,1,1,0,0,0,0,0,1
Andrenidae,,,auricoma,R,R,C,R, ,C, ,0.71, ,,3,10,19,4,,12,,5,R,R,C,R, ,C, ,, ,0,0,,,,1,1,1,1,0,1,0,,0,0,0,0,0,0,,0,0,0,0,0,0,0,,1,1,1,0,1,0,1,1,0,1,0,1,0,1,0,0,1,0,0,0,0
Andrenidae,,,caerulea, , ,C, , ,R,R,0.43, ,,,,27,,,5,5,3, , ,C, , ,R,R,, ,0,0,,,,0,0,1,0,0,1,1,,0,1,0,0,0,0,,0,0,0,0,0,0,0,,0,0,0,0,0,0,0,0,0,0,0,0,0,1,1,0,0,0,0,0,1
Andrenidae,,,chlorura, ,R,C, ,R,C,C,0.71, ,,,7,74,,3,55,26,5, ,R,C, ,R,C,C,, ,0,0,,,,0,1,1,0,1,1,1,,1,0,0,0,0,0,,0,0,0,0,0,0,0,,0,0,0,0,0,0,1,0,1,1,1,0,1,1,1,0,0,0,1,1,1
Andrenidae,,,dissimulans, ,R,C, , ,C,C,0.57, ,,,2,22,,,58,77,4, ,R,C, , ,C,C,, ,0,0,,,,0,1,1,0,0,1,1,,1,0,0,0,0,0,,0,0,0,0,0,0,0,,0,0,0,0,0,0,1,0,0,1,1,0,0,1,1,0,0,0,0,0,1
Andrenidae,,,misella, , ,S, , , , ,0.14,A,,,,1,,,,,1, , ,S, , , , ,,A,1,0,,,,0,0,1,0,0,0,0,,0,1,0,0,0,0,,0,0,1,0,0,0,0,,0,0,0,0,0,0,0,0,0,0,0,0,0,0,0,0,0,0,0,0,0
Andrenidae,,,nigrocaerulea,S,R,R, , ,S,R,0.71, ,,1,5,3,,,1,2,5,S,R,R, , ,S,R,, ,0,0,,,,1,1,1,0,0,1,1,,0,0,0,0,0,0,,0,0,0,0,0,0,0,,1,1,0,0,1,1,1,0,0,1,1,0,0,1,1,0,0,0,0,0,1
Andrenidae,,,suavis, , ,R, , ,C,C,0.43, ,,,,10,,,40,25,3, , ,R, , ,C,C,, ,0,0,,,,0,0,1,0,0,1,1,,0,1,0,0,0,0,,0,0,0,0,0,0,0,,0,0,0,0,0,0,0,0,0,0,0,0,0,1,1,0,0,0,0,0,1
Andrenidae,,,subdepressa, , ,R, , ,R,S,0.43, ,,,,4,,,3,1,3, , ,R, , ,R,S,, ,0,0,,,,0,0,1,0,0,1,1,,0,1,0,0,0,0,,0,0,0,0,0,0,0,,0,0,0,0,0,0,0,0,0,0,0,0,0,1,1,0,0,0,0,0,1
Andrenidae,,(Genyandrena),mackieae, ,R,C, , ,R, ,0.43, ,,,5,68,,,2,,3, ,R,C, , ,R, ,, ,0,0,,,,0,1,1,0,0,1,0,,1,0,0,0,0,0,,0,0,0,0,0,0,0,,0,0,0,0,0,0,1,0,0,1,0,0,0,1,0,0,0,0,0,0,0
Andrenidae,,(Hesperandrena),baeriae, ,S,S, , ,R,R,0.57, ,,,1,1,,,4,3,4, ,S,S, , ,R,R,, ,0,0,,,,0,1,1,0,0,1,1,,1,0,0,0,0,0,,0,0,0,0,0,0,0,,0,0,0,0,0,0,1,0,0,1,1,0,0,1,1,0,0,0,0,0,1
Andrenidae,,,compositarum, , , , , ,S,S,0.29,N,,,,,,,1,1,2, , , , , ,S,S,,N,0,1,P3,0,concinnula,0,0,0,0,0,1,1,,0,0,0,0,1,0,,0,0,0,0,0,0,0,,0,0,0,0,0,0,0,0,0,0,0,0,0,0,0,0,0,0,0,0,1
Andrenidae,,,escondida, , , , , , ,R,0.14,N,,,,,,,,2,1, , , , , , ,R,,N,0,1,P5,1,lativentris,0,0,0,0,0,0,1,,0,0,0,0,0,1,,0,0,0,0,0,0,1,,0,0,0,0,0,0,0,0,0,0,0,0,0,0,0,0,0,0,0,0,0
Andrenidae,,(Holandrena),cressonii ssp. infasciata, ,S, , ,S, , ,0.29,A,,,1,,,1,,,2, ,S, , ,S, , ,,A,1,0,,,,0,1,0,0,1,0,0,,1,0,0,0,0,0,,0,0,0,0,0,0,0,,0,0,0,0,0,0,0,0,1,0,0,0,0,0,0,0,0,0,0,0,0
Andrenidae,,(Melandrena),cerasifolii,C,C,C,S,S,C,C,1, ,1,35,64,68,1,1,171,128,7,C,C,C,S,S,C,C,, ,0,0,,,,1,1,1,1,1,1,1,,0,0,0,0,0,0,,0,0,0,0,0,0,0,,1,1,1,1,1,1,1,1,1,1,1,1,1,1,1,1,1,1,1,1,1
Andrenidae,,,aff. cerasifolii, ,C,C,C, ,C,C,0.71, ,,,15,13,33,,88,69,5, ,C,C,C, ,C,C,, ,0,0,,,,0,1,1,1,0,1,1,,1,0,0,0,0,0,,0,0,0,0,0,0,0,,0,0,0,0,0,0,1,1,0,1,1,1,0,1,1,0,1,1,0,0,1
Andrenidae,,,perimelas, , , , ,S, , ,0.14,A,,,,,,1,,,1, , , , ,S, , ,,A,1,0,,,,0,0,0,0,1,0,0,,0,0,0,1,0,0,,0,0,0,0,1,0,0,,0,0,0,0,0,0,0,0,0,0,0,0,0,0,0,0,0,0,0,0,0
Andrenidae,,,sola,R,C,C,C, ,C,C,0.86, ,,4,13,44,13,,18,19,6,R,C,C,C, ,C,C,, ,0,0,,,,1,1,1,1,0,1,1,,0,0,0,0,0,0,,0,0,0,0,0,0,0,,1,1,1,0,1,1,1,1,0,1,1,1,0,1,1,0,1,1,0,0,1
Andrenidae,,(Micrandrena),annectens, , ,R, , , , ,0.14,A,,,,2,,,,,1, , ,R, , , , ,,A,1,0,,,,0,0,1,0,0,0,0,,0,1,0,0,0,0,,0,0,1,0,0,0,0,,0,0,0,0,0,0,0,0,0,0,0,0,0,0,0,0,0,0,0,0,0
Andrenidae,,,chlorogaster, ,R,C, ,R,C,C,0.71, ,,,7,165,,2,27,55,5, ,R,C, ,R,C,C,, ,0,0,,,,0,1,1,0,1,1,1,,1,0,0,0,0,0,,0,0,0,0,0,0,0,,0,0,0,0,0,0,1,0,1,1,1,0,1,1,1,0,0,0,1,1,1
Andrenidae,,,aff. ishii, , ,C, , , , ,0.14,A,,,,17,,,,,1, , ,C, , , , ,,A,1,0,,,,0,0,1,0,0,0,0,,0,1,0,0,0,0,,0,0,1,0,0,0,0,,0,0,0,0,0,0,0,0,0,0,0,0,0,0,0,0,0,0,0,0,0
Andrenidae,,,microchlora, ,R,C,S, ,R,R,0.71, ,,,5,14,1,,5,4,5, ,R,C,S, ,R,R,, ,0,0,,,,0,1,1,1,0,1,1,,1,0,0,0,0,0,,0,0,0,0,0,0,0,,0,0,0,0,0,0,1,1,0,1,1,1,0,1,1,0,1,1,0,0,1
Andrenidae,,,piperi, ,S,R, ,S,R,R,0.71, ,,,1,2,,1,5,2,5, ,S,R, ,S,R,R,, ,0,0,,,,0,1,1,0,1,1,1,,1,0,0,0,0,0,,0,0,0,0,0,0,0,,0,0,0,0,0,0,1,0,1,1,1,0,1,1,1,0,0,0,1,1,1
Andrenidae,,(Nemandrena),crudeni, , ,C, ,S,C,C,0.57, ,,,,48,,1,183,123,4, , ,C, ,S,C,C,, ,0,0,,,,0,0,1,0,1,1,1,,0,1,0,0,0,0,,0,0,0,0,0,0,0,,0,0,0,0,0,0,0,0,0,0,0,0,1,1,1,0,0,0,1,1,1
Andrenidae,,,subnigripes, , ,S, , , , ,0.14,A,,,,1,,,,,1, , ,S, , , , ,,A,1,0,,,,0,0,1,0,0,0,0,,0,1,0,0,0,0,,0,0,1,0,0,0,0,,0,0,0,0,0,0,0,0,0,0,0,0,0,0,0,0,0,0,0,0,0
Andrenidae,,(Oligandrena),macrocephala,R,C,C, ,C,C,C,0.86, ,,2,28,42,,36,22,329,6,R,C,C, ,C,C,C,, ,0,0,,,,1,1,1,0,1,1,1,,0,0,0,0,0,0,,0,0,0,0,0,0,0,,1,1,0,1,1,1,1,0,1,1,1,0,1,1,1,0,0,0,1,1,1
Andrenidae,,(Parandrena),concinnula, , ,S, , ,R, ,0.29, ,,,,1,,,3,,2, , ,S, , ,R, ,, ,0,0,,,,0,0,1,0,0,1,0,,0,1,0,0,0,0,,0,0,0,0,0,0,0,,0,0,0,0,0,0,0,0,0,0,0,0,0,1,0,0,0,0,0,0,0
Andrenidae,,(Pelicandrena),atypica,S,R,C,R,R,R,R,1, ,,1,2,131,6,6,8,4,7,S,R,C,R,R,R,R,, ,0,0,,,,1,1,1,1,1,1,1,,0,0,0,0,0,0,,0,0,0,0,0,0,0,,1,1,1,1,1,1,1,1,1,1,1,1,1,1,1,1,1,1,1,1,1
Andrenidae,,(Plastandrena),prunorum, , , , , , ,S,0.14,N,,,,,,,,1,1, , , , , , ,S,,N,0,1,P4,0,,0,0,0,0,0,0,1,,0,0,0,0,0,1,,0,0,0,0,0,0,1,,0,0,0,0,0,0,0,0,0,0,0,0,0,0,0,0,0,0,0,0,0
Andrenidae,,(Psammandrena),congrua, ,R,R, , ,R,R,0.57, ,,,4,4,,,8,3,4, ,R,R, , ,R,R,, ,0,0,,,,0,1,1,0,0,1,1,,1,0,0,0,0,0,,0,0,0,0,0,0,0,,0,0,0,0,0,0,1,0,0,1,1,0,0,1,1,0,0,0,0,0,1
Andrenidae,,(Ptilandrena),pallidiscopa, , ,R, , , ,R,0.29, ,,,,3,,,,3,2, , ,R, , , ,R,, ,0,0,,,,0,0,1,0,0,0,1,,0,1,0,0,0,0,,0,0,0,0,0,0,0,,0,0,0,0,0,0,0,0,0,0,0,0,0,0,1,0,0,0,0,0,0
Andrenidae,,(Scaphandrena),lomatii, , ,S, , , , ,0.14,A,,,,1,,,,,1, , ,S, , , , ,,A,1,0,,,,0,0,1,0,0,0,0,,0,1,0,0,0,0,,0,0,1,0,0,0,0,,0,0,0,0,0,0,0,0,0,0,0,0,0,0,0,0,0,0,0,0,0
Andrenidae,,,plana, , ,R, , , , ,0.14,A,,,,7,,,,,1, , ,R, , , , ,,A,1,0,,,,0,0,1,0,0,0,0,,0,1,0,0,0,0,,0,0,1,0,0,0,0,,0,0,0,0,0,0,0,0,0,0,0,0,0,0,0,0,0,0,0,0,0
Andrenidae,,,santaclarae, ,S,R, , ,R,R,0.57, ,,,1,6,,,2,3,4, ,S,R, , ,R,R,, ,0,0,,,,0,1,1,0,0,1,1,,1,0,0,0,0,0,,0,0,0,0,0,0,0,,0,0,0,0,0,0,1,0,0,1,1,0,0,1,1,0,0,0,0,0,1
Andrenidae,,(Scoliandrena),cryptanthae,R, , , , ,R, ,0.29, ,,2,,,,,5,,2,R, , , , ,R, ,, ,0,0,,,,1,0,0,0,0,1,0,,0,0,0,0,0,0,,0,0,0,0,0,0,0,,0,0,0,0,1,0,0,0,0,0,0,0,0,0,0,0,0,0,0,0,0
Andrenidae,,,osmioides, , ,R, , ,R,S,0.43, ,,,,6,,,5,1,3, , ,R, , ,R,S,, ,0,0,,,,0,0,1,0,0,1,1,,0,1,0,0,0,0,,0,0,0,0,0,0,0,,0,0,0,0,0,0,0,0,0,0,0,0,0,1,1,0,0,0,0,0,1
Andrenidae,,(Scrapteropsis),biareola, , ,R, , , , ,0.14,A,,,,4,,,,,1, , ,R, , , , ,,A,1,0,,,,0,0,1,0,0,0,0,,0,1,0,0,0,0,,0,0,1,0,0,0,0,,0,0,0,0,0,0,0,0,0,0,0,0,0,0,0,0,0,0,0,0,0
Andrenidae,,(Simandrena),angustitarsata,R,R,C,C, ,C,C,0.86, ,,6,6,128,35,,35,29,6,R,R,C,C, ,C,C,, ,0,0,,,,1,1,1,1,0,1,1,,0,0,0,0,0,0,,0,0,0,0,0,0,0,,1,1,1,0,1,1,1,1,0,1,1,1,0,1,1,0,1,1,0,0,1
Andrenidae,,,hypoleuca, , , , , ,S,R,0.29,N,,,,,,,1,5,2, , , , , ,S,R,,N,0,1,"P6, Jawbone",0,,0,0,0,0,0,1,1,,0,0,0,0,1,0,,0,0,0,0,0,0,0,,0,0,0,0,0,0,0,0,0,0,0,0,0,0,0,0,0,0,0,0,1
Andrenidae,,,orthocarpi, , ,R, , ,R,R,0.43, ,,,,4,,,4,3,3, , ,R, , ,R,R,, ,0,0,,,,0,0,1,0,0,1,1,,0,1,0,0,0,0,,0,0,0,0,0,0,0,,0,0,0,0,0,0,0,0,0,0,0,0,0,1,1,0,0,0,0,0,1
Andrenidae,,,pallidifovea,S,R,R,R, ,R,R,0.86, ,,1,6,5,4,,10,3,6,S,R,R,R, ,R,R,, ,0,0,,,,1,1,1,1,0,1,1,,0,0,0,0,0,0,,0,0,0,0,0,0,0,,1,1,1,0,1,1,1,1,0,1,1,1,0,1,1,0,1,1,0,0,1
Andrenidae,,(Thysandrena),candida,C,C,C,C,R,C,C,1, ,,53,97,153,76,8,61,61,7,C,C,C,C,R,C,C,, ,0,0,,,,1,1,1,1,1,1,1,,0,0,0,0,0,0,,0,0,0,0,0,0,0,,1,1,1,1,1,1,1,1,1,1,1,1,1,1,1,1,1,1,1,1,1
Andrenidae,,,knuthiana, , , , ,S,C,C,0.43, ,,,,,,1,21,158,3, , , , ,S,C,C,, ,0,0,,,,0,0,0,0,1,1,1,,0,0,0,1,0,0,,0,0,0,0,0,0,0,,0,0,0,0,0,0,0,0,0,0,0,0,0,0,0,0,0,0,1,1,1
Andrenidae,,,vierecki, ,S,S, , , , ,0.29,A,,,1,1,,,,,2, ,S,S, , , , ,,A,1,0,,,,0,1,1,0,0,0,0,,1,0,0,0,0,0,,0,0,0,0,0,0,0,,0,0,0,0,0,0,1,0,0,0,0,0,0,0,0,0,0,0,0,0,0
Andrenidae,,,w-scripta,R,R,C,C, , ,S,0.71, ,,8,8,33,31,,,1,5,R,R,C,C, , ,S,, ,0,0,,,,1,1,1,1,0,0,1,,0,0,0,0,0,0,,0,0,0,0,0,0,0,,1,1,1,0,0,1,1,1,0,0,1,1,0,0,1,0,0,1,0,0,0
Andrenidae,,(Trachandrena),fuscicauda, , ,S,R, , , ,0.29,A,,,,1,2,,,,2, , ,S,R, , , ,,A,1,0,,,,0,0,1,1,0,0,0,,0,1,0,0,0,0,,0,0,0,0,0,0,0,,0,0,0,0,0,0,0,0,0,0,0,1,0,0,0,0,0,0,0,0,0
Andrenidae,,,semipunctata, ,R,S, , ,S, ,0.43, ,,,3,1,,,1,,3, ,R,S, , ,S, ,, ,0,0,,,,0,1,1,0,0,1,0,,1,0,0,0,0,0,,0,0,0,0,0,0,0,,0,0,0,0,0,0,1,0,0,1,0,0,0,1,0,0,0,0,0,0,0
Andrenidae,,(Tylandrena),subaustralis, , , , , ,S, ,0.14,N,,,,,,,1,,1, , , , , ,S, ,,N,0,1,"either P10, P3, P9",0,subtilis?,0,0,0,0,0,1,0,,0,0,0,0,1,0,,0,0,0,0,0,1,0,,0,0,0,0,0,0,0,0,0,0,0,0,0,0,0,0,0,0,0,0,0
Andrenidae,,,subtilis, , ,S, , , , ,0.14,A,,,,1,,,,,1, , ,S, , , , ,,A,1,0,,,,0,0,1,0,0,0,0,,0,1,0,0,0,0,,0,0,1,0,0,0,0,,0,0,0,0,0,0,0,0,0,0,0,0,0,0,0,0,0,0,0,0,0
Andrenidae,,,waldmerei, , ,R, , , , ,0.14,A,,,,2,,,,,1, , ,R, , , , ,,A,1,0,,,,0,0,1,0,0,0,0,,0,1,0,0,0,0,,0,0,1,0,0,0,0,,0,0,0,0,0,0,0,0,0,0,0,0,0,0,0,0,0,0,0,0,0
Andrenidae,Calliopsis,(Micronomadopsis),fracta,R,S,R, , ,S, ,0.57, ,,3,1,2,,,1,,4,R,S,R, , ,S, ,, ,0,0,,,,1,1,1,0,0,1,0,,0,0,0,0,0,0,,0,0,0,0,0,0,0,,1,1,0,0,1,0,1,0,0,1,0,0,0,1,0,0,0,0,0,0,0
Andrenidae,,,helianthi, , , , ,R,S, ,0.29, ,,,,,,3,1,,2, , , , ,R,S, ,, ,0,0,,,,0,0,0,0,1,1,0,,0,0,0,1,0,0,,0,0,0,0,0,0,0,,0,0,0,0,0,0,0,0,0,0,0,0,0,0,0,0,0,0,1,0,0
Andrenidae,,,mellipes, ,S, , , ,R, ,0.29, ,,,1,,,,7,,2, ,S, , , ,R, ,, ,0,0,,,,0,1,0,0,0,1,0,,1,0,0,0,0,0,,0,0,0,0,0,0,0,,0,0,0,0,0,0,0,0,0,1,0,0,0,0,0,0,0,0,0,0,0
Andrenidae,,,trifolii,R, , ,R, , , ,0.29,A,,2,,,6,,,,2,R, , ,R, , , ,,A,1,0,,,,1,0,0,1,0,0,0,,0,0,0,0,0,0,,0,0,0,0,0,0,0,,0,0,1,0,0,0,0,0,0,0,0,0,0,0,0,0,0,0,0,0,0
Andrenidae,,(Nomadopsis),anthidia,S,R,R, ,S, ,S,0.71, ,,1,8,3,,1,,1,5,S,R,R, ,S, ,S,, ,0,0,,,,1,1,1,0,1,0,1,,0,0,0,0,0,0,,0,0,0,0,0,0,0,,1,1,0,1,0,1,1,0,1,0,1,0,1,0,1,0,0,0,0,1,0
Andrenidae,,,obscurella,R,C,R,R,C,C,R,1, ,,6,12,4,4,35,28,9,7,R,C,R,R,C,C,R,, ,0,0,,,,1,1,1,1,1,1,1,,0,0,0,0,0,0,,0,0,0,0,0,0,0,,1,1,1,1,1,1,1,1,1,1,1,1,1,1,1,1,1,1,1,1,1
Andrenidae,,,zonalis,S,S, ,S, , , ,0.43,A,,1,1,,1,,,,3,S,S, ,S, , , ,,A,1,0,,,,1,1,0,1,0,0,0,,0,0,0,0,0,0,,0,0,0,0,0,0,0,,1,0,1,0,0,0,0,1,0,0,0,0,0,0,0,0,0,0,0,0,0
Andrenidae,,,smithi,C,C,C,C, , ,S,0.71, ,,12,14,17,16,,,1,5,C,C,C,C, , ,S,, ,0,0,,,,1,1,1,1,0,0,1,,0,0,0,0,0,0,,0,0,0,0,0,0,0,,1,1,1,0,0,1,1,1,0,0,1,1,0,0,1,0,0,1,0,0,0
Andrenidae,Macrotera,(Macroteropsis),arcuata, , ,S, , ,S,R,0.43, ,,,,1,,,1,8,3, , ,S, , ,S,R,, ,0,0,,,,0,0,1,0,0,1,1,,0,1,0,0,0,0,,0,0,0,0,0,0,0,,0,0,0,0,0,0,0,0,0,0,0,0,0,1,1,0,0,0,0,0,1
Andrenidae,Panurginus,,gracilis, , ,C,R,C,C,C,0.71, ,,,,583,2,15,148,340,5, , ,C,R,C,C,C,, ,0,0,,,,0,0,1,1,1,1,1,,0,1,0,0,0,0,,0,0,0,0,0,0,0,,0,0,0,0,0,0,0,0,0,0,0,1,1,1,1,1,1,1,1,1,1
Andrenidae,,,melanocephalus, ,R,R, , ,C,C,0.57, ,,,6,5,,,43,18,4, ,R,R, , ,C,C,, ,0,0,,,,0,1,1,0,0,1,1,,1,0,0,0,0,0,,0,0,0,0,0,0,0,,0,0,0,0,0,0,1,0,0,1,1,0,0,1,1,0,0,0,0,0,1
Andrenidae,,,nigrellus,C,C,C, ,R,C,C,0.86, ,,25,98,51,,3,57,120,6,C,C,C, ,R,C,C,, ,0,0,,,,1,1,1,0,1,1,1,,0,0,0,0,0,0,,0,0,0,0,0,0,0,,1,1,0,1,1,1,1,0,1,1,1,0,1,1,1,0,0,0,1,1,1
Andrenidae,,,aff. occidentalis, , , , ,S, , ,0.14,A,,,,,,1,,,1, , , , ,S, , ,,A,1,0,,,,0,0,0,0,1,0,0,,0,0,0,1,0,0,,0,0,0,0,1,0,0,,0,0,0,0,0,0,0,0,0,0,0,0,0,0,0,0,0,0,0,0,0
Andrenidae,Perdita,(Hesperoperdita),trisignata ssp. ornata,R,C,C,C, ,S,S,0.86, ,,6,13,28,128,,1,1,6,R,C,C,C, ,S,S,, ,0,0,,,,1,1,1,1,0,1,1,,0,0,0,0,0,0,,0,0,0,0,0,0,0,,1,1,1,0,1,1,1,1,0,1,1,1,0,1,1,0,1,1,0,0,1
Andrenidae,,(Perdita),claypolei ssp. limatula, ,C,C, , , , ,0.29,A,,,99,57,,,,,2, ,C,C, , , , ,,A,1,0,,,,0,1,1,0,0,0,0,,1,0,0,0,0,0,,0,0,0,0,0,0,0,,0,0,0,0,0,0,1,0,0,0,0,0,0,0,0,0,0,0,0,0,0
Andrenidae,,,hirticeps ssp. hirticeps, , , , ,S, ,R,0.29, ,,,,,,1,,4,2, , , , ,S, ,R,, ,0,0,,,,0,0,0,0,1,0,1,,0,0,0,1,0,0,,0,0,0,0,0,0,0,,0,0,0,0,0,0,0,0,0,0,0,0,0,0,0,0,0,0,0,1,0
Andrenidae,,,aff. holoxantha, , , , , ,S, ,0.14,N,,,,,,,1,,1, , , , , ,S, ,,N,0,1,Rose Cyn,1,holoxantha,0,0,0,0,0,1,0,,0,0,0,0,1,0,,0,0,0,0,0,1,0,,0,0,0,0,0,0,0,0,0,0,0,0,0,0,0,0,0,0,0,0,0
Andrenidae,,,isocomae, ,S, , , , , ,0.14,A,,,1,,,,,,1, ,S, , , , , ,,A,1,0,,,,0,1,0,0,0,0,0,,1,0,0,0,0,0,,0,1,0,0,0,0,0,,0,0,0,0,0,0,0,0,0,0,0,0,0,0,0,0,0,0,0,0,0
Andrenidae,,,jucunda, ,R, ,S, , , ,0.29,A,,,3,,1,,,,2, ,R, ,S, , , ,,A,1,0,,,,0,1,0,1,0,0,0,,1,0,0,0,0,0,,0,0,0,0,0,0,0,,0,0,0,0,0,0,0,1,0,0,0,0,0,0,0,0,0,0,0,0,0
Andrenidae,,,aff. linsleyi,R,R,R,S, ,R, ,0.71, ,,4,3,4,1,,5,,5,R,R,R,S, ,R, ,, ,0,0,,,,1,1,1,1,0,1,0,,0,0,0,0,0,0,,0,0,0,0,0,0,0,,1,1,1,0,1,0,1,1,0,1,0,1,0,1,0,0,1,0,0,0,0
Andrenidae,,,rhois ssp. reducta,C,C,C,S, , ,R,0.71, ,,15,192,407,1,,,6,5,C,C,C,S, , ,R,, ,0,0,,,,1,1,1,1,0,0,1,,0,0,0,0,0,0,,0,0,0,0,0,0,0,,1,1,1,0,0,1,1,1,0,0,1,1,0,0,1,0,0,1,0,0,0
Andrenidae,,,salicis ssp. personata, , , , , ,R, ,0.14,N,,,,,,,8,,1, , , , , ,R, ,,N,0,1,P3,0,salicis,0,0,0,0,0,1,0,,0,0,0,0,1,0,,0,0,0,0,0,1,0,,0,0,0,0,0,0,0,0,0,0,0,0,0,0,0,0,0,0,0,0,0
Andrenidae,,(Pygoperdita),aureovittata ssp. stenozona, ,S, , , , , ,0.14,A,,,1,,,,,,1, ,S, , , , , ,,A,1,0,,,,0,1,0,0,0,0,0,,1,0,0,0,0,0,,0,1,0,0,0,0,0,,0,0,0,0,0,0,0,0,0,0,0,0,0,0,0,0,0,0,0,0,0
Andrenidae,,,californica, , ,R, , , , ,0.14,A,,,,6,,,,,1, , ,R, , , , ,,A,1,0,,,,0,0,1,0,0,0,0,,0,1,0,0,0,0,,0,0,1,0,0,0,0,,0,0,0,0,0,0,0,0,0,0,0,0,0,0,0,0,0,0,0,0,0
Andrenidae,,,distropica,R,C,C,C,C,C,C,1, ,,9,38,56,29,12,61,225,7,R,C,C,C,C,C,C,, ,0,0,,,,1,1,1,1,1,1,1,,0,0,0,0,0,0,,0,0,0,0,0,0,0,,1,1,1,1,1,1,1,1,1,1,1,1,1,1,1,1,1,1,1,1,1
Andrenidae,,,micheneri ssp. micheneri, , ,C,R,S,R, ,0.57, ,,,,13,3,1,6,,4, , ,C,R,S,R, ,, ,0,0,,,,0,0,1,1,1,1,0,,0,1,0,0,0,0,,0,0,0,0,0,0,0,,0,0,0,0,0,0,0,0,0,0,0,1,1,1,0,1,1,0,1,0,0
Andrenidae,,,montereyensis,C,C,C,C,S,C,C,1, ,,11,62,62,100,1,68,125,7,C,C,C,C,S,C,C,, ,0,0,,,,1,1,1,1,1,1,1,,0,0,0,0,0,0,,0,0,0,0,0,0,0,,1,1,1,1,1,1,1,1,1,1,1,1,1,1,1,1,1,1,1,1,1
Andrenidae,,,nitens,C,C,R, , ,C,R,0.71, ,,11,13,4,,,13,3,5,C,C,R, , ,C,R,, ,0,0,,,,1,1,1,0,0,1,1,,0,0,0,0,0,0,,0,0,0,0,0,0,0,,1,1,0,0,1,1,1,0,0,1,1,0,0,1,1,0,0,0,0,0,1
,,,,,,,,,,,,,,27,46,72,25,26,59,54,,,,,,,,,,,,,,,,,,,,,,,,22,32,0,6,6,4,,,,,,,,,,,,,,,,,,,,,,,,,,,,,,
Apidae,Anthophora,(Anthophoroides),californica,R,C,R,R,S,R,R,1, ,,6,37,2,5,1,6,6,7,R,C,R,R,S,R,R,, ,0,0,,,,1,1,1,1,1,1,1,,0,0,0,0,0,0,,0,0,0,0,0,0,0,,1,1,1,1,1,1,1,1,1,1,1,1,1,1,1,1,1,1,1,1,1
Apidae,,(Heliophila),columbariae, , ,R, , , , ,0.14,A,,,,2,,,,,1, , ,R, , , , ,,A,1,0,,,,0,0,1,0,0,0,0,,0,1,0,0,0,0,,0,0,1,0,0,0,0,,0,0,0,0,0,0,0,0,0,0,0,0,0,0,0,0,0,0,0,0,0
Apidae,,,curta,R,R,S,R, ,R,R,0.86, ,,2,8,1,4,,5,4,6,R,R,S,R, ,R,R,, ,0,0,,,,1,1,1,1,0,1,1,,0,0,0,0,0,0,,0,0,0,0,0,0,0,,1,1,1,0,1,1,1,1,0,1,1,1,0,1,1,0,1,1,0,0,1
Apidae,,,estebana, ,S, , , , , ,0.14,A,,,1,,,,,,1, ,S, , , , , ,,A,1,0,,,,0,1,0,0,0,0,0,,1,0,0,0,0,0,,0,1,0,0,0,0,0,,0,0,0,0,0,0,0,0,0,0,0,0,0,0,0,0,0,0,0,0,0
Apidae,,,flavocincta, , , , ,S, , ,0.14,A,,,,,,1,,,1, , , , ,S, , ,,A,1,0,,,,0,0,0,0,1,0,0,,0,0,0,1,0,0,,0,0,0,0,1,0,0,,0,0,0,0,0,0,0,0,0,0,0,0,0,0,0,0,0,0,0,0,0
Apidae,,(Lophanthophora),pacifica, ,R,C, , ,S, ,0.43, ,,,4,21,,,1,,3, ,R,C, , ,S, ,, ,0,0,,,,0,1,1,0,0,1,0,,1,0,0,0,0,0,,0,0,0,0,0,0,0,,0,0,0,0,0,0,1,0,0,1,0,0,0,1,0,0,0,0,0,0,0
Apidae,,(Melea),bomboides,S, , , , , , ,0.14,A,,1,,,,,,,1,S, , , , , , ,,A,1,0,,,,1,0,0,0,0,0,0,,0,0,0,0,0,0,,1,0,0,0,0,0,0,,0,0,0,0,0,0,0,0,0,0,0,0,0,0,0,0,0,0,0,0,0
Apidae,,(Mystacanthophora),urbana,R,C,C,C,S,C,C,1, ,,10,63,20,20,1,16,65,7,R,C,C,C,S,C,C,, ,0,0,,,,1,1,1,1,1,1,1,,0,0,0,0,0,0,,0,0,0,0,0,0,0,,1,1,1,1,1,1,1,1,1,1,1,1,1,1,1,1,1,1,1,1,1
Apidae,,(Paramegilla),centriformis,R,C,R,C, ,R, ,0.71, ,,2,11,3,13,,2,,5,R,C,R,C, ,R, ,, ,0,0,,,,1,1,1,1,0,1,0,,0,0,0,0,0,0,,0,0,0,0,0,0,0,,1,1,1,0,1,0,1,1,0,1,0,1,0,1,0,0,1,0,0,0,0
Apidae,,(Pyganthophora),crotchii,R,C,R,R,S,C,C,1, ,,4,16,3,2,1,27,11,7,R,C,R,R,S,C,C,, ,0,0,,,,1,1,1,1,1,1,1,,0,0,0,0,0,0,,0,0,0,0,0,0,0,,1,1,1,1,1,1,1,1,1,1,1,1,1,1,1,1,1,1,1,1,1
Apidae,,,edwardsii,R,R,R, , ,C,C,0.71, ,,2,6,4,,,19,18,5,R,R,R, , ,C,C,, ,0,0,,,,1,1,1,0,0,1,1,,0,0,0,0,0,0,,0,0,0,0,0,0,0,,1,1,0,0,1,1,1,0,0,1,1,0,0,1,1,0,0,0,0,0,1
Apidae,,,platti,C,C,C,R, ,C,C,0.86, ,,16,47,69,2,,41,29,6,C,C,C,R, ,C,C,, ,0,0,,,,1,1,1,1,0,1,1,,0,0,0,0,0,0,,0,0,0,0,0,0,0,,1,1,1,0,1,1,1,1,0,1,1,1,0,1,1,0,1,1,0,0,1
Apidae,Anthophorula,(Anthophorisca),nitens, ,C,C, , ,C,C,0.57, ,,,14,14,,,48,60,4, ,C,C, , ,C,C,, ,0,0,,,,0,1,1,0,0,1,1,,1,0,0,0,0,0,,0,0,0,0,0,0,0,,0,0,0,0,0,0,1,0,0,1,1,0,0,1,1,0,0,0,0,0,1
Apidae,,(Anthophorula),albicans, ,C,C, ,R,S,C,0.71, ,,,22,24,,5,1,16,5, ,C,C, ,R,S,C,, ,0,0,,,,0,1,1,0,1,1,1,,1,0,0,0,0,0,,0,0,0,0,0,0,0,,0,0,0,0,0,0,1,0,1,1,1,0,1,1,1,0,0,0,1,1,1
Apidae,Apis,,mellifera,R,C,C,C,C,C,C,1, ,,8,141,191,44,34,572,771,7,R,C,C,C,C,C,C,, ,0,0,,,,1,1,1,1,1,1,1,,0,0,0,0,0,0,,0,0,0,0,0,0,0,,1,1,1,1,1,1,1,1,1,1,1,1,1,1,1,1,1,1,1,1,1
Apidae,Bombus,(Crotchiibombus),crotchii, ,C,C,S, , , ,0.43,A,,,18,13,1,,,,3, ,C,C,S, , , ,,A,1,0,,,,0,1,1,1,0,0,0,,1,0,0,0,0,0,,0,0,0,0,0,0,0,,0,0,0,0,0,0,1,1,0,0,0,1,0,0,0,0,0,0,0,0,0
Apidae,,(Fervidobombus),californicus,R,C,C,R,R,R,R,1, ,,2,31,30,4,2,8,10,7,R,C,C,R,R,R,R,, ,0,0,,,,1,1,1,1,1,1,1,,0,0,0,0,0,0,,0,0,0,0,0,0,0,,1,1,1,1,1,1,1,1,1,1,1,1,1,1,1,1,1,1,1,1,1
Apidae,,(Pyrobombus),caliginosus, ,C, , , ,S,S,0.43, ,,,34,,,,1,1,3, ,C, , , ,S,S,, ,0,0,,,,0,1,0,0,0,1,1,,1,0,0,0,0,0,,0,0,0,0,0,0,0,,0,0,0,0,0,0,0,0,0,1,1,0,0,0,0,0,0,0,0,0,1
Apidae,,,melanopygus,R,C,C,R,R,C,R,1, ,,5,117,67,4,4,43,2,7,R,C,C,R,R,C,R,, ,0,0,,,,1,1,1,1,1,1,1,,0,0,0,0,0,0,,0,0,0,0,0,0,0,,1,1,1,1,1,1,1,1,1,1,1,1,1,1,1,1,1,1,1,1,1
Apidae,,,vandykei, ,R,R, , ,R, ,0.43, ,,,5,3,,,2,,3, ,R,R, , ,R, ,, ,0,0,,,,0,1,1,0,0,1,0,,1,0,0,0,0,0,,0,0,0,0,0,0,0,,0,0,0,0,0,0,1,0,0,1,0,0,0,1,0,0,0,0,0,0,0
Apidae,,,vosnesenskii,R,C,C,S,S,C,R,1, ,,2,110,109,1,1,29,4,7,R,C,C,S,S,C,R,, ,0,0,,,,1,1,1,1,1,1,1,,0,0,0,0,0,0,,0,0,0,0,0,0,0,,1,1,1,1,1,1,1,1,1,1,1,1,1,1,1,1,1,1,1,1,1
Apidae,Brachynomada,(Melanomada),melanantha, , , , , , ,R,0.14,N,,,,,,,,2,1, , , , , , ,R,,N,0,1,P10,0,,0,0,0,0,0,0,1,,0,0,0,0,0,1,,0,0,0,0,0,0,1,,0,0,0,0,0,0,0,0,0,0,0,0,0,0,0,0,0,0,0,0,0
Apidae,Centris,(Paracentris),aff. californica, ,C,C,R, , , ,0.43,A,,,26,15,7,,,,3, ,C,C,R, , , ,,A,1,0,,,,0,1,1,1,0,0,0,,1,0,0,0,0,0,,0,0,0,0,0,0,0,,0,0,0,0,0,0,1,1,0,0,0,1,0,0,0,0,0,0,0,0,0
Apidae,Ceratina,(Ceratina),arizonensis,C,C,C,C,C,C,C,1, ,,17,141,26,15,31,245,295,7,C,C,C,C,C,C,C,, ,0,0,,,,1,1,1,1,1,1,1,,0,0,0,0,0,0,,0,0,0,0,0,0,0,,1,1,1,1,1,1,1,1,1,1,1,1,1,1,1,1,1,1,1,1,1
Apidae,,(Euceratina),dallatorreana, , ,S, ,R, ,C,0.43, ,,,,1,,7,,29,3, , ,S, ,R, ,C,, ,0,0,,,,0,0,1,0,1,0,1,,0,1,0,0,0,0,,0,0,0,0,0,0,0,,0,0,0,0,0,0,0,0,0,0,0,0,1,0,1,0,0,0,0,1,0
Apidae,,(Zadontomerus),acantha,S,C,R, ,R,C,C,0.86, ,,1,51,4,,5,24,29,6,S,C,R, ,R,C,C,, ,0,0,,,,1,1,1,0,1,1,1,,0,0,0,0,0,0,,0,0,0,0,0,0,0,,1,1,0,1,1,1,1,0,1,1,1,0,1,1,1,0,0,0,1,1,1
Apidae,,,hurdi,S,R,R, ,R,C,C,0.86, ,,1,6,4,,3,17,41,6,S,R,R, ,R,C,C,, ,0,0,,,,1,1,1,0,1,1,1,,0,0,0,0,0,0,,0,0,0,0,0,0,0,,1,1,0,1,1,1,1,0,1,1,1,0,1,1,1,0,0,0,1,1,1
Apidae,,,nanula,R,C,C,C,C,C,C,1, ,,4,66,15,24,17,73,213,7,R,C,C,C,C,C,C,, ,0,0,,,,1,1,1,1,1,1,1,,0,0,0,0,0,0,,0,0,0,0,0,0,0,,1,1,1,1,1,1,1,1,1,1,1,1,1,1,1,1,1,1,1,1,1
Apidae,,,aff. nanula,S,R,S, ,S,R,R,0.86, ,,1,8,1,,1,2,2,6,S,R,S, ,S,R,R,, ,0,0,,,,1,1,1,0,1,1,1,,0,0,0,0,0,0,,0,0,0,0,0,0,0,,1,1,0,1,1,1,1,0,1,1,1,0,1,1,1,0,0,0,1,1,1
Apidae,,,pacifica, ,R,S, , ,S,R,0.57, ,,,3,1,,,1,2,4, ,R,S, , ,S,R,, ,0,0,,,,0,1,1,0,0,1,1,,1,0,0,0,0,0,,0,0,0,0,0,0,0,,0,0,0,0,0,0,1,0,0,1,1,0,0,1,1,0,0,0,0,0,1
Apidae,,,punctigena,S,C,R,C, ,R,S,0.86, ,,1,15,4,12,,5,1,6,S,C,R,C, ,R,S,, ,0,0,,,,1,1,1,1,0,1,1,,0,0,0,0,0,0,,0,0,0,0,0,0,0,,1,1,1,0,1,1,1,1,0,1,1,1,0,1,1,0,1,1,0,0,1
Apidae,,,sequoiae,R,C,C,C,R,C,C,1, ,,8,68,18,17,9,37,72,7,R,C,C,C,R,C,C,, ,0,0,,,,1,1,1,1,1,1,1,,0,0,0,0,0,0,,0,0,0,0,0,0,0,,1,1,1,1,1,1,1,1,1,1,1,1,1,1,1,1,1,1,1,1,1
Apidae,,,tejonensis, ,C,R, , ,R, ,0.43, ,,,12,9,,,2,,3, ,C,R, , ,R, ,, ,0,0,,,,0,1,1,0,0,1,0,,1,0,0,0,0,0,,0,0,0,0,0,0,0,,0,0,0,0,0,0,1,0,0,1,0,0,0,1,0,0,0,0,0,0,0
Apidae,,,timberlakei, ,R,R,R, ,R,S,0.71, ,,,6,2,3,,2,1,5, ,R,R,R, ,R,S,, ,0,0,,,,0,1,1,1,0,1,1,,1,0,0,0,0,0,,0,0,0,0,0,0,0,,0,0,0,0,0,0,1,1,0,1,1,1,0,1,1,0,1,1,0,0,1
Apidae,Diadasia,,aff. ochracea, ,S,S, ,S,R,C,0.71, ,,,1,1,,1,5,34,5, ,S,S, ,S,R,C,, ,0,0,,,,0,1,1,0,1,1,1,,1,0,0,0,0,0,,0,0,0,0,0,0,0,,0,0,0,0,0,0,1,0,1,1,1,0,1,1,1,0,0,0,1,1,1
Apidae,,,angusticeps, ,R,R,C,R,C,C,0.86, ,,,7,3,151,8,128,81,6, ,R,R,C,R,C,C,, ,0,0,,,,0,1,1,1,1,1,1,,1,0,0,0,0,0,,0,0,0,0,0,0,0,,0,0,0,0,0,0,1,1,1,1,1,1,1,1,1,1,1,1,1,1,1
Apidae,,,australis, , , , ,S,S, ,0.29, ,,,,,,1,1,,2, , , , ,S,S, ,, ,0,0,,,,0,0,0,0,1,1,0,,0,0,0,1,0,0,,0,0,0,0,0,0,0,,0,0,0,0,0,0,0,0,0,0,0,0,0,0,0,0,0,0,1,0,0
Apidae,,,bituberculata,R,C,R,C,C,C,C,1, ,,2,13,9,53,47,54,258,7,R,C,R,C,C,C,C,, ,0,0,,,,1,1,1,1,1,1,1,,0,0,0,0,0,0,,0,0,0,0,0,0,0,,1,1,1,1,1,1,1,1,1,1,1,1,1,1,1,1,1,1,1,1,1
Apidae,,,consociata, , , , , , ,R,0.14,N,,,,,,,,3,1, , , , , , ,R,,N,0,1,"Airstrip, P3",0,,0,0,0,0,0,0,1,,0,0,0,0,0,1,,0,0,0,0,0,0,1,,0,0,0,0,0,0,0,0,0,0,0,0,0,0,0,0,0,0,0,0,0
Apidae,,,laticauda, ,C,C,R,R,C,C,0.86, ,,,40,41,2,6,14,20,6, ,C,C,R,R,C,C,, ,0,0,,,,0,1,1,1,1,1,1,,1,0,0,0,0,0,,0,0,0,0,0,0,0,,0,0,0,0,0,0,1,1,1,1,1,1,1,1,1,1,1,1,1,1,1
Apidae,,,nigrifrons, , , , , ,S, ,0.14,N,,,,,,,1,,1, , , , , ,S, ,,N,0,1,P8,0,,0,0,0,0,0,1,0,,0,0,0,0,1,0,,0,0,0,0,0,1,0,,0,0,0,0,0,0,0,0,0,0,0,0,0,0,0,0,0,0,0,0,0
Apidae,,,nitidifrons, ,R,C,R,R,C,C,0.86, ,,,10,24,8,3,13,17,6, ,R,C,R,R,C,C,, ,0,0,,,,0,1,1,1,1,1,1,,1,0,0,0,0,0,,0,0,0,0,0,0,0,,0,0,0,0,0,0,1,1,1,1,1,1,1,1,1,1,1,1,1,1,1
Apidae,,,rinconis, , , , , , ,R,0.14,N,,,,,,,,8,1, , , , , , ,R,,N,0,1,"Airstrip, P4, P9",0,,0,0,0,0,0,0,1,,0,0,0,0,0,1,,0,0,0,0,0,0,1,,0,0,0,0,0,0,0,0,0,0,0,0,0,0,0,0,0,0,0,0,0
Apidae,Epeolus,,americanus,S,R, , ,S,R,R,0.71, ,,1,9,,,1,3,2,5,S,R, , ,S,R,R,, ,0,0,,,,1,1,0,0,1,1,1,,0,0,0,0,0,0,,0,0,0,0,0,0,0,,1,0,0,1,1,1,0,0,1,1,1,0,0,0,0,0,0,0,1,1,1
Apidae,,,compactus, , ,R,S, , ,S,0.43, ,,,,2,1,,,1,3, , ,R,S, , ,S,, ,0,0,,,,0,0,1,1,0,0,1,,0,1,0,0,0,0,,0,0,0,0,0,0,0,,0,0,0,0,0,0,0,0,0,0,0,1,0,0,1,0,0,1,0,0,0
Apidae,,,mesillae, , , , , ,S,R,0.29,N,,,,,,,1,2,2, , , , , ,S,R,,N,0,1,P5,1,,0,0,0,0,0,1,1,,0,0,0,0,1,0,,0,0,0,0,0,0,0,,0,0,0,0,0,0,0,0,0,0,0,0,0,0,0,0,0,0,0,0,1
Apidae,,,minimus, , , ,S,S, ,S,0.43, ,,,,,1,1,,1,3, , , ,S,S, ,S,, ,0,0,,,,0,0,0,1,1,0,1,,0,0,1,0,0,0,,0,0,0,0,0,0,0,,0,0,0,0,0,0,0,0,0,0,0,0,0,0,0,1,0,1,0,1,0
Apidae,Eucera,(Synhalonia),actuosa, ,S,R,R,C,C,C,0.86, ,,,1,6,7,87,154,385,6, ,S,R,R,C,C,C,, ,0,0,,,,0,1,1,1,1,1,1,,1,0,0,0,0,0,,0,0,0,0,0,0,0,,0,0,0,0,0,0,1,1,1,1,1,1,1,1,1,1,1,1,1,1,1
Apidae,,,amsinckiae,R,R,R, ,R,R,R,0.86, ,,4,4,7,,3,3,5,6,R,R,R, ,R,R,R,, ,0,0,,,,1,1,1,0,1,1,1,,0,0,0,0,0,0,,0,0,0,0,0,0,0,,1,1,0,1,1,1,1,0,1,1,1,0,1,1,1,0,0,0,1,1,1
Apidae,,,cordleyi, ,R,C, ,S,C,R,0.71, ,,,3,18,,1,13,5,5, ,R,C, ,S,C,R,, ,0,0,,,,0,1,1,0,1,1,1,,1,0,0,0,0,0,,0,0,0,0,0,0,0,,0,0,0,0,0,0,1,0,1,1,1,0,1,1,1,0,0,0,1,1,1
Apidae,,,delphinii, ,C,R,S,S,R,R,0.86, ,,,14,7,1,1,2,2,6, ,C,R,S,S,R,R,, ,0,0,,,,0,1,1,1,1,1,1,,1,0,0,0,0,0,,0,0,0,0,0,0,0,,0,0,0,0,0,0,1,1,1,1,1,1,1,1,1,1,1,1,1,1,1
Apidae,,,dorsata, ,C,R,R,S,C,C,0.86, ,,,13,6,2,1,28,63,6, ,C,R,R,S,C,C,, ,0,0,,,,0,1,1,1,1,1,1,,1,0,0,0,0,0,,0,0,0,0,0,0,0,,0,0,0,0,0,0,1,1,1,1,1,1,1,1,1,1,1,1,1,1,1
Apidae,,,edwardsii,S,R,R, ,S, ,R,0.71, ,,1,2,4,,1,,2,5,S,R,R, ,S, ,R,, ,0,0,,,,1,1,1,0,1,0,1,,0,0,0,0,0,0,,0,0,0,0,0,0,0,,1,1,0,1,0,1,1,0,1,0,1,0,1,0,1,0,0,0,0,1,0
Apidae,,,lunata, , ,R, , ,R,R,0.43, ,,,,3,,,5,6,3, , ,R, , ,R,R,, ,0,0,,,,0,0,1,0,0,1,1,,0,1,0,0,0,0,,0,0,0,0,0,0,0,,0,0,0,0,0,0,0,0,0,0,0,0,0,1,1,0,0,0,0,0,1
Apidae,,,venusta ssp. carinata,C,C,C,R, ,R,R,0.86, ,,11,42,13,4,,6,2,6,C,C,C,R, ,R,R,, ,0,0,,,,1,1,1,1,0,1,1,,0,0,0,0,0,0,,0,0,0,0,0,0,0,,1,1,1,0,1,1,1,1,0,1,1,1,0,1,1,0,1,1,0,0,1
Apidae,,,virgata, , ,C,S,S,C,C,0.71, ,,,,14,1,1,22,39,5, , ,C,S,S,C,C,, ,0,0,,,,0,0,1,1,1,1,1,,0,1,0,0,0,0,,0,0,0,0,0,0,0,,0,0,0,0,0,0,0,0,0,0,0,1,1,1,1,1,1,1,1,1,1
Apidae,Habropoda,,dammersi, , ,R, , , , ,0.14,A,,,,3,,,,,1, , ,R, , , , ,,A,1,0,,,,0,0,1,0,0,0,0,,0,1,0,0,0,0,,0,0,1,0,0,0,0,,0,0,0,0,0,0,0,0,0,0,0,0,0,0,0,0,0,0,0,0,0
Apidae,,,depressa,S,C,C,R,S,C,C,1, ,,1,69,58,7,1,13,13,7,S,C,C,R,S,C,C,, ,0,0,,,,1,1,1,1,1,1,1,,0,0,0,0,0,0,,0,0,0,0,0,0,0,,1,1,1,1,1,1,1,1,1,1,1,1,1,1,1,1,1,1,1,1,1
Apidae,,,tristissima,R,C,R,S,R,R,C,1, ,,3,53,5,1,4,5,30,7,R,C,R,S,R,R,C,, ,0,0,,,,1,1,1,1,1,1,1,,0,0,0,0,0,0,,0,0,0,0,0,0,0,,1,1,1,1,1,1,1,1,1,1,1,1,1,1,1,1,1,1,1,1,1
Apidae,Melecta,(Melecta),pacifica, ,R,R, , ,R, ,0.43, ,,,2,5,,,5,,3, ,R,R, , ,R, ,, ,0,0,,,,0,1,1,0,0,1,0,,1,0,0,0,0,0,,0,0,0,0,0,0,0,,0,0,0,0,0,0,1,0,0,1,0,0,0,1,0,0,0,0,0,0,0
Apidae,,,separata, , ,S,R,R,R,C,0.71, ,,,,1,2,2,10,19,5, , ,S,R,R,R,C,, ,0,0,,,,0,0,1,1,1,1,1,,0,1,0,0,0,0,,0,0,0,0,0,0,0,,0,0,0,0,0,0,0,0,0,0,0,1,1,1,1,1,1,1,1,1,1
Apidae,,(Melectomimus),edwardsii, ,R, , , ,S, ,0.29, ,,,2,,,,1,,2, ,R, , , ,S, ,, ,0,0,,,,0,1,0,0,0,1,0,,1,0,0,0,0,0,,0,0,0,0,0,0,0,,0,0,0,0,0,0,0,0,0,1,0,0,0,0,0,0,0,0,0,0,0
Apidae,Melissodes,(Callimelissodes),clarkiae, ,R, , , ,R,R,0.43, ,,,2,,,,2,8,3, ,R, , , ,R,R,, ,0,0,,,,0,1,0,0,0,1,1,,1,0,0,0,0,0,,0,0,0,0,0,0,0,,0,0,0,0,0,0,0,0,0,1,1,0,0,0,0,0,0,0,0,0,1
Apidae,,,composita, , , , , , ,S,0.14,N,,,,,,,,1,1, , , , , , ,S,,N,0,1,P5,1,,0,0,0,0,0,0,1,,0,0,0,0,0,1,,0,0,0,0,0,0,1,,0,0,0,0,0,0,0,0,0,0,0,0,0,0,0,0,0,0,0,0,0
Apidae,,,lupina, ,R,C, ,R,C,C,0.71, ,,,2,11,,7,21,312,5, ,R,C, ,R,C,C,, ,0,0,,,,0,1,1,0,1,1,1,,1,0,0,0,0,0,,0,0,0,0,0,0,0,,0,0,0,0,0,0,1,0,1,1,1,0,1,1,1,0,0,0,1,1,1
Apidae,,,lustra, ,S, , , , , ,0.14,A,,,1,,,,,,1, ,S, , , , , ,,A,1,0,,,,0,1,0,0,0,0,0,,1,0,0,0,0,0,,0,1,0,0,0,0,0,,0,0,0,0,0,0,0,0,0,0,0,0,0,0,0,0,0,0,0,0,0
Apidae,,,n. sp. 1, ,R, ,R, , , ,0.29,A,,,2,,2,,,,2, ,R, ,R, , , ,,A,1,0,,,,0,1,0,1,0,0,0,,1,0,0,0,0,0,,0,0,0,0,0,0,0,,0,0,0,0,0,0,0,1,0,0,0,0,0,0,0,0,0,0,0,0,0
Apidae,,,n. sp. 2, ,R,R,R,S,R,C,0.86, ,,,6,2,3,1,2,28,6, ,R,R,R,S,R,C,, ,0,0,,,,0,1,1,1,1,1,1,,1,0,0,0,0,0,,0,0,0,0,0,0,0,,0,0,0,0,0,0,1,1,1,1,1,1,1,1,1,1,1,1,1,1,1
Apidae,,,nigracauda, , ,S, , , , ,0.14,A,,,,1,,,,,1, , ,S, , , , ,,A,1,0,,,,0,0,1,0,0,0,0,,0,1,0,0,0,0,,0,0,1,0,0,0,0,,0,0,0,0,0,0,0,0,0,0,0,0,0,0,0,0,0,0,0,0,0
Apidae,,,plumosa, ,R, , , ,R,C,0.43, ,,,2,,,,7,16,3, ,R, , , ,R,C,, ,0,0,,,,0,1,0,0,0,1,1,,1,0,0,0,0,0,,0,0,0,0,0,0,0,,0,0,0,0,0,0,0,0,0,1,1,0,0,0,0,0,0,0,0,0,1
Apidae,,,stearnsi, ,R,S, ,C,C,C,0.71, ,,,5,1,,103,45,1311,5, ,R,S, ,C,C,C,, ,0,0,,,,0,1,1,0,1,1,1,,1,0,0,0,0,0,,0,0,0,0,0,0,0,,0,0,0,0,0,0,1,0,1,1,1,0,1,1,1,0,0,0,1,1,1
Apidae,,(Eumelissodes),paulula, ,R, , , , , ,0.14,A,,,7,,,,,,1, ,R, , , , , ,,A,1,0,,,,0,1,0,0,0,0,0,,1,0,0,0,0,0,,0,1,0,0,0,0,0,,0,0,0,0,0,0,0,0,0,0,0,0,0,0,0,0,0,0,0,0,0
Apidae,,,velutina, , , , , , ,R,0.14,N,,,,,,,,2,1, , , , , , ,R,,N,0,1,"P2, Campground",1,,0,0,0,0,0,0,1,,0,0,0,0,0,1,,0,0,0,0,0,0,1,,0,0,0,0,0,0,0,0,0,0,0,0,0,0,0,0,0,0,0,0,0
Apidae,,(Melissodes),tepida, , , , , , ,C,0.14,N,,,,,,,,11,1, , , , , , ,C,,N,0,1,"Airstrip, Campground, Entrance Meadow",1,,0,0,0,0,0,0,1,,0,0,0,0,0,1,,0,0,0,0,0,0,1,,0,0,0,0,0,0,0,0,0,0,0,0,0,0,0,0,0,0,0,0,0
Apidae,Neopasites,(Micropasites),sp. 4, , , , , , ,S,0.14,N,,,,,,,,1,1, , , , , , ,S,,N,0,1,Airstrip,1,,0,0,0,0,0,0,1,,0,0,0,0,0,1,,0,0,0,0,0,0,1,,0,0,0,0,0,0,0,0,0,0,0,0,0,0,0,0,0,0,0,0,0
Apidae,Nomada,(Centrias),crotchii spp. crotchii, ,R,S, , , , ,0.29,A,,,2,1,,,,,2, ,R,S, , , , ,,A,1,0,,,,0,1,1,0,0,0,0,,1,0,0,0,0,0,,0,0,0,0,0,0,0,,0,0,0,0,0,0,1,0,0,0,0,0,0,0,0,0,0,0,0,0,0
Apidae,,,crotchii ssp. nigrior, , ,C, , ,R,R,0.43, ,,,,16,,,3,5,3, , ,C, , ,R,R,, ,0,0,,,,0,0,1,0,0,1,1,,0,1,0,0,0,0,,0,0,0,0,0,0,0,,0,0,0,0,0,0,0,0,0,0,0,0,0,1,1,0,0,0,0,0,1
Apidae,,,sp. A,S,R, , , , , ,0.29,A,,1,2,,,,,,2,S,R, , , , , ,,A,1,0,,,,1,1,0,0,0,0,0,,0,0,0,0,0,0,,0,0,0,0,0,0,0,,1,0,0,0,0,0,0,0,0,0,0,0,0,0,0,0,0,0,0,0,0
Apidae,,(Holonomada),edwardsii spp. edwardsii, ,R,R, , , ,S,0.43, ,,,2,3,,,,1,3, ,R,R, , , ,S,, ,0,0,,,,0,1,1,0,0,0,1,,1,0,0,0,0,0,,0,0,0,0,0,0,0,,0,0,0,0,0,0,1,0,0,0,1,0,0,0,1,0,0,0,0,0,0
Apidae,,(Nomada),sp. A,R,R,S, , ,R,S,0.71, ,,2,3,1,,,3,1,5,R,R,S, , ,R,S,, ,0,0,,,,1,1,1,0,0,1,1,,0,0,0,0,0,0,,0,0,0,0,0,0,0,,1,1,0,0,1,1,1,0,0,1,1,0,0,1,1,0,0,0,0,0,1
Apidae,,,sp. AA, , , , , , ,S,0.14,N,,,,,,,,1,1, , , , , , ,S,,N,0,1,P8,0,,0,0,0,0,0,0,1,,0,0,0,0,0,1,,0,0,0,0,0,0,1,,0,0,0,0,0,0,0,0,0,0,0,0,0,0,0,0,0,0,0,0,0
Apidae,,,sp. B,S,S,S, , ,R,R,0.71, ,,1,1,1,,,2,5,5,S,S,S, , ,R,R,, ,0,0,,,,1,1,1,0,0,1,1,,0,0,0,0,0,0,,0,0,0,0,0,0,0,,1,1,0,0,1,1,1,0,0,1,1,0,0,1,1,0,0,0,0,0,1
Apidae,,,sp. BB, , , , ,S,R,R,0.43, ,,,,,,1,4,3,3, , , , ,S,R,R,, ,0,0,,,,0,0,0,0,1,1,1,,0,0,0,1,0,0,,0,0,0,0,0,0,0,,0,0,0,0,0,0,0,0,0,0,0,0,0,0,0,0,0,0,1,1,1
Apidae,,,sp. CC, , , , ,S, ,S,0.29, ,,,,,,1,,1,2, , , , ,S, ,S,, ,0,0,,,,0,0,0,0,1,0,1,,0,0,0,1,0,0,,0,0,0,0,0,0,0,,0,0,0,0,0,0,0,0,0,0,0,0,0,0,0,0,0,0,0,1,0
Apidae,,,sp. D,C,C,C,S, , , ,0.57,A,,16,62,23,1,,,,4,C,C,C,S, , , ,,A,1,0,,,,1,1,1,1,0,0,0,,0,0,0,0,0,0,,0,0,0,0,0,0,0,,1,1,1,0,0,0,1,1,0,0,0,1,0,0,0,0,0,0,0,0,0
Apidae,,,sp. DD, , , , , ,S, ,0.14,N,,,,,,,1,,1, , , , , ,S, ,,N,0,1,P10,0,,0,0,0,0,0,1,0,,0,0,0,0,1,0,,0,0,0,0,0,1,0,,0,0,0,0,0,0,0,0,0,0,0,0,0,0,0,0,0,0,0,0,0
Apidae,,,sp. E,C,R,S,R, ,R,R,0.86, ,,19,4,1,2,,9,9,6,C,R,S,R, ,R,R,, ,0,0,,,,1,1,1,1,0,1,1,,0,0,0,0,0,0,,0,0,0,0,0,0,0,,1,1,1,0,1,1,1,1,0,1,1,1,0,1,1,0,1,1,0,0,1
Apidae,,,sp. EE, , , , , ,R, ,0.14,N,,,,,,,3,,1, , , , , ,R, ,,N,0,1,"P3, P4",0,,0,0,0,0,0,1,0,,0,0,0,0,1,0,,0,0,0,0,0,1,0,,0,0,0,0,0,0,0,0,0,0,0,0,0,0,0,0,0,0,0,0,0
Apidae,,,sp. F,S, ,R, , , ,S,0.43, ,,1,,6,,,,1,3,S, ,R, , , ,S,, ,0,0,,,,1,0,1,0,0,0,1,,0,0,0,0,0,0,,0,0,0,0,0,0,0,,0,1,0,0,0,1,0,0,0,0,0,0,0,0,1,0,0,0,0,0,0
Apidae,,,sp. FF, , , , , , ,S,0.14,N,,,,,,,,1,1, , , , , , ,S,,N,0,1,P6,1,,0,0,0,0,0,0,1,,0,0,0,0,0,1,,0,0,0,0,0,0,1,,0,0,0,0,0,0,0,0,0,0,0,0,0,0,0,0,0,0,0,0,0
Apidae,,,sp. G, , , , , ,R,R,0.29,N,,,,,,,8,2,2, , , , , ,R,R,,N,0,1,"P5, P6, P7, Campground, Bear Gulch",0,,0,0,0,0,0,1,1,,0,0,0,0,1,0,,0,0,0,0,0,0,0,,0,0,0,0,0,0,0,0,0,0,0,0,0,0,0,0,0,0,0,0,1
Apidae,,,sp. GG, , ,S, , , ,R,0.29, ,,,,1,,,,7,2, , ,S, , , ,R,, ,0,0,,,,0,0,1,0,0,0,1,,0,1,0,0,0,0,,0,0,0,0,0,0,0,,0,0,0,0,0,0,0,0,0,0,0,0,0,0,1,0,0,0,0,0,0
Apidae,,,sp. HH, , ,S, ,S, , ,0.29,A,,,,1,,1,,,2, , ,S, ,S, , ,,A,1,0,,,,0,0,1,0,1,0,0,,0,1,0,0,0,0,,0,0,0,0,0,0,0,,0,0,0,0,0,0,0,0,0,0,0,0,1,0,0,0,0,0,0,0,0
Apidae,,,sp. I, , ,S, , , , ,0.14,A,,,,1,,,,,1, , ,S, , , , ,,A,1,0,,,,0,0,1,0,0,0,0,,0,1,0,0,0,0,,0,0,1,0,0,0,0,,0,0,0,0,0,0,0,0,0,0,0,0,0,0,0,0,0,0,0,0,0
Apidae,,,sp. II, , , , ,R, ,R,0.29, ,,,,,,2,,2,2, , , , ,R, ,R,, ,0,0,,,,0,0,0,0,1,0,1,,0,0,0,1,0,0,,0,0,0,0,0,0,0,,0,0,0,0,0,0,0,0,0,0,0,0,0,0,0,0,0,0,0,1,0
Apidae,,,sp. J, , ,S, , ,S, ,0.29, ,,,,1,,,1,,2, , ,S, , ,S, ,, ,0,0,,,,0,0,1,0,0,1,0,,0,1,0,0,0,0,,0,0,0,0,0,0,0,,0,0,0,0,0,0,0,0,0,0,0,0,0,1,0,0,0,0,0,0,0
Apidae,,,sp. Q, ,S,S, , ,S, ,0.43, ,,,1,1,,,1,,3, ,S,S, , ,S, ,, ,0,0,,,,0,1,1,0,0,1,0,,1,0,0,0,0,0,,0,0,0,0,0,0,0,,0,0,0,0,0,0,1,0,0,1,0,0,0,1,0,0,0,0,0,0,0
Apidae,,,sp. R, ,R,R, , , , ,0.29,A,,,2,2,,,,,2, ,R,R, , , , ,,A,1,0,,,,0,1,1,0,0,0,0,,1,0,0,0,0,0,,0,0,0,0,0,0,0,,0,0,0,0,0,0,1,0,0,0,0,0,0,0,0,0,0,0,0,0,0
Apidae,,,sp. S, ,S, , , , , ,0.14,A,,,1,,,,,,1, ,S, , , , , ,,A,1,0,,,,0,1,0,0,0,0,0,,1,0,0,0,0,0,,0,1,0,0,0,0,0,,0,0,0,0,0,0,0,0,0,0,0,0,0,0,0,0,0,0,0,0,0
Apidae,,,sp. T, ,S, , , , , ,0.14,A,,,1,,,,,,1, ,S, , , , , ,,A,1,0,,,,0,1,0,0,0,0,0,,1,0,0,0,0,0,,0,1,0,0,0,0,0,,0,0,0,0,0,0,0,0,0,0,0,0,0,0,0,0,0,0,0,0,0
Apidae,,,sp. U, ,C,C, , ,R,C,0.57, ,,,15,47,,,3,23,4, ,C,C, , ,R,C,, ,0,0,,,,0,1,1,0,0,1,1,,1,0,0,0,0,0,,0,0,0,0,0,0,0,,0,0,0,0,0,0,1,0,0,1,1,0,0,1,1,0,0,0,0,0,1
Apidae,,,sp. V,S,R,R, ,R,R,R,0.86, ,,1,2,4,,3,5,3,6,S,R,R, ,R,R,R,, ,0,0,,,,1,1,1,0,1,1,1,,0,0,0,0,0,0,,0,0,0,0,0,0,0,,1,1,0,1,1,1,1,0,1,1,1,0,1,1,1,0,0,0,1,1,1
Apidae,,,sp. W, ,C,C, , ,C,C,0.57, ,,,12,37,,,12,20,4, ,C,C, , ,C,C,, ,0,0,,,,0,1,1,0,0,1,1,,1,0,0,0,0,0,,0,0,0,0,0,0,0,,0,0,0,0,0,0,1,0,0,1,1,0,0,1,1,0,0,0,0,0,1
Apidae,,,sp. X, , ,S, , ,R,R,0.43, ,,,,1,,,7,5,3, , ,S, , ,R,R,, ,0,0,,,,0,0,1,0,0,1,1,,0,1,0,0,0,0,,0,0,0,0,0,0,0,,0,0,0,0,0,0,0,0,0,0,0,0,0,1,1,0,0,0,0,0,1
Apidae,,,sp. Y, , ,R, ,S, , ,0.29,A,,,,2,,1,,,2, , ,R, ,S, , ,,A,1,0,,,,0,0,1,0,1,0,0,,0,1,0,0,0,0,,0,0,0,0,0,0,0,,0,0,0,0,0,0,0,0,0,0,0,0,1,0,0,0,0,0,0,0,0
Apidae,,,sp. Z, , ,C, , , , ,0.14,A,,,,18,,,,,1, , ,C, , , , ,,A,1,0,,,,0,0,1,0,0,0,0,,0,1,0,0,0,0,,0,0,1,0,0,0,0,,0,0,0,0,0,0,0,0,0,0,0,0,0,0,0,0,0,0,0,0,0
Apidae,Oreopasites,,aff. hurdi n.sp., ,S,R,S, ,S,S,0.71, ,,,1,2,1,,1,1,5, ,S,R,S, ,S,S,, ,0,0,,,,0,1,1,1,0,1,1,,1,0,0,0,0,0,,0,0,0,0,0,0,0,,0,0,0,0,0,0,1,1,0,1,1,1,0,1,1,0,1,1,0,0,1
Apidae,,,vanduzeei,R,R,S,S, ,S, ,0.71, ,,2,4,1,1,,1,,5,R,R,S,S, ,S, ,, ,0,0,,,,1,1,1,1,0,1,0,,0,0,0,0,0,0,,0,0,0,0,0,0,0,,1,1,1,0,1,0,1,1,0,1,0,1,0,1,0,0,1,0,0,0,0
Apidae,Peponapis,(Peponapis),pruinosa, , , , , , ,R,0.14,N,,,,,,,,2,1, , , , , , ,R,,N,0,1,"P3, Campground",0,,0,0,0,0,0,0,1,,0,0,0,0,0,1,,0,0,0,0,0,0,1,,0,0,0,0,0,0,0,0,0,0,0,0,0,0,0,0,0,0,0,0,0
Apidae,Townsendiella,,ensifera, ,R,C,C, , ,R,0.57, ,,,3,22,17,,,4,4, ,R,C,C, , ,R,, ,0,0,,,,0,1,1,1,0,0,1,,1,0,0,0,0,0,,0,0,0,0,0,0,0,,0,0,0,0,0,0,1,1,0,0,1,1,0,0,1,0,0,1,0,0,0
Apidae,,,rufiventris, , ,S, , , , ,0.14,A,,,,1,,,,,1, , ,S, , , , ,,A,1,0,,,,0,0,1,0,0,0,0,,0,1,0,0,0,0,,0,0,1,0,0,0,0,,0,0,0,0,0,0,0,0,0,0,0,0,0,0,0,0,0,0,0,0,0
Apidae,Triepeolus,,heterurus, , , , , , ,R,0.14,N,,,,,,,,3,1, , , , , , ,R,,N,0,1,"P8, P9",0,,0,0,0,0,0,0,1,,0,0,0,0,0,1,,0,0,0,0,0,0,1,,0,0,0,0,0,0,0,0,0,0,0,0,0,0,0,0,0,0,0,0,0
Apidae,,,melanarius, , , , , , ,S,0.14,N,,,,,,,,1,1, , , , , , ,S,,N,0,1,Airstrip,1,,0,0,0,0,0,0,1,,0,0,0,0,0,1,,0,0,0,0,0,0,1,,0,0,0,0,0,0,0,0,0,0,0,0,0,0,0,0,0,0,0,0,0
Apidae,,,sp. P1, , , , , ,R,S,0.29,N,,,,,,,2,1,2, , , , , ,R,S,,N,0,1,"P2, P4, P10",0,,0,0,0,0,0,1,1,,0,0,0,0,1,0,,0,0,0,0,0,0,0,,0,0,0,0,0,0,0,0,0,0,0,0,0,0,0,0,0,0,0,0,1
Apidae,,,sp. P2, , , , , ,R, ,0.14,N,,,,,,,2,,1, , , , , ,R, ,,N,0,1,"P5, W North Wilderness",0,,0,0,0,0,0,1,0,,0,0,0,0,1,0,,0,0,0,0,0,1,0,,0,0,0,0,0,0,0,0,0,0,0,0,0,0,0,0,0,0,0,0,0
Apidae,,,sp. P3, , , , , , ,R,0.14,N,,,,,,,,2,1, , , , , , ,R,,N,0,1,"Campground, Airstrip",0,,0,0,0,0,0,0,1,,0,0,0,0,0,1,,0,0,0,0,0,0,1,,0,0,0,0,0,0,0,0,0,0,0,0,0,0,0,0,0,0,0,0,0
Apidae,,,sp. P4, , ,R, , , , ,0.14,A,,,,3,,,,,1, , ,R, , , , ,,A,1,0,,,,0,0,1,0,0,0,0,,0,1,0,0,0,0,,0,0,1,0,0,0,0,,0,0,0,0,0,0,0,0,0,0,0,0,0,0,0,0,0,0,0,0,0
Apidae,,,timberlakei, ,R,R,R, ,S,R,0.71, ,,,10,3,2,,1,2,5, ,R,R,R, ,S,R,, ,0,0,,,,0,1,1,1,0,1,1,,1,0,0,0,0,0,,0,0,0,0,0,0,0,,0,0,0,0,0,0,1,1,0,1,1,1,0,1,1,0,1,1,0,0,1
Apidae,,,aff. timberlakei, , , , ,S,R, ,0.29, ,,,,,,1,2,,2, , , , ,S,R, ,, ,0,0,,,,0,0,0,0,1,1,0,,0,0,0,1,0,0,,0,0,0,0,0,0,0,,0,0,0,0,0,0,0,0,0,0,0,0,0,0,0,0,0,0,1,0,0
Apidae,Xeromelecta,(Melectomorpha),californica,R,C,R,C, ,R,R,0.86, ,,4,17,9,13,,2,2,6,R,C,R,C, ,R,R,, ,0,0,,,,1,1,1,1,0,1,1,,0,0,0,0,0,0,,0,0,0,0,0,0,0,,1,1,1,0,1,1,1,1,0,1,1,1,0,1,1,0,1,1,0,0,1
Apidae,,(Xeromelecta),larreae,S, , , , , , ,0.14,A,,1,,,,,,,1,S, , , , , , ,,A,1,0,,,,1,0,0,0,0,0,0,,0,0,0,0,0,0,,1,0,0,0,0,0,0,,0,0,0,0,0,0,0,0,0,0,0,0,0,0,0,0,0,0,0,0,0
Apidae,Xylocopa,(Notoxylocopa),tabaniformis ssp. orpifex,R,C,R,R,S,R,R,1, ,,2,12,5,4,1,2,3,7,R,C,R,R,S,R,R,, ,0,0,,,,1,1,1,1,1,1,1,,0,0,0,0,0,0,,0,0,0,0,0,0,0,,1,1,1,1,1,1,1,1,1,1,1,1,1,1,1,1,1,1,1,1,1
,,,,,,,,,,,,,,37,74,81,41,45,75,83,,,,,,,,,,,,,,,,,,,,,,,,40,18,1,6,7,13,,,,,,,,,,,,,,,,,,,,,,,,,,,,,,
Colletidae,Colletes,consors,californicus, , , , , , ,S,0.14,N,,,,,,,,1,1, , , , , , ,S,,N,0,1,Entrance Meadow,0,,0,0,0,0,0,0,1,,0,0,0,0,0,1,,0,0,0,0,0,0,1,,0,0,0,0,0,0,0,0,0,0,0,0,0,0,0,0,0,0,0,0,0
Colletidae,,,consors ssp. pascoensis,C,C,R,R, ,C,R,0.86, ,,13,41,9,3,,13,10,6,C,C,R,R, ,C,R,, ,0,0,,,,1,1,1,1,0,1,1,,0,0,0,0,0,0,,0,0,0,0,0,0,0,,1,1,1,0,1,1,1,1,0,1,1,1,0,1,1,0,1,1,0,0,1
Colletidae,,daleae,aff. algarobiae,S,C,C,R, ,R,C,0.86, ,,1,13,21,5,,2,27,6,S,C,C,R, ,R,C,, ,0,0,,,,1,1,1,1,0,1,1,,0,0,0,0,0,0,,0,0,0,0,0,0,0,,1,1,1,0,1,1,1,1,0,1,1,1,0,1,1,0,1,1,0,0,1
Colletidae,,simulans,fulgidus ssp. fulgidus, ,R,R,R, , ,R,0.57, ,,,2,8,4,,,7,4, ,R,R,R, , ,R,, ,0,0,,,,0,1,1,1,0,0,1,,1,0,0,0,0,0,,0,0,0,0,0,0,0,,0,0,0,0,0,0,1,1,0,0,1,1,0,0,1,0,0,1,0,0,0
Colletidae,,,simulans ssp. nevadensis, ,S, , , , , ,0.14,A,,,1,,,,,,1, ,S, , , , , ,,A,1,0,,,,0,1,0,0,0,0,0,,1,0,0,0,0,0,,0,1,0,0,0,0,0,,0,0,0,0,0,0,0,0,0,0,0,0,0,0,0,0,0,0,0,0,0
Colletidae,,,slevini,R,C,C,C, ,R,R,0.86, ,,2,59,35,12,,6,10,6,R,C,C,C, ,R,R,, ,0,0,,,,1,1,1,1,0,1,1,,0,0,0,0,0,0,,0,0,0,0,0,0,0,,1,1,1,0,1,1,1,1,0,1,1,1,0,1,1,0,1,1,0,0,1
Colletidae,Hylaeus,(Cephalylaeus),nunenmacheri, , ,S,R, , , ,0.29,A,,,,1,3,,,,2, , ,S,R, , , ,,A,1,0,,,,0,0,1,1,0,0,0,,0,1,0,0,0,0,,0,0,0,0,0,0,0,,0,0,0,0,0,0,0,0,0,0,0,1,0,0,0,0,0,0,0,0,0
Colletidae,,(Hylaeus),bisinuatus, ,S, , , , , ,0.14,A,,,1,,,,,,1, ,S, , , , , ,,A,1,0,,,,0,1,0,0,0,0,0,,1,0,0,0,0,0,,0,1,0,0,0,0,0,,0,0,0,0,0,0,0,0,0,0,0,0,0,0,0,0,0,0,0,0,0
Colletidae,,,conspicuus, , , ,R,R, ,R,0.43, ,,,,,4,2,,5,3, , , ,R,R, ,R,, ,0,0,,,,0,0,0,1,1,0,1,,0,0,1,0,0,0,,0,0,0,0,0,0,0,,0,0,0,0,0,0,0,0,0,0,0,0,0,0,0,1,0,1,0,1,0
Colletidae,,,granulatus, ,C,C,C,S,R,R,0.86, ,,,68,51,30,1,4,10,6, ,C,C,C,S,R,R,, ,0,0,,,,0,1,1,1,1,1,1,,1,0,0,0,0,0,,0,0,0,0,0,0,0,,0,0,0,0,0,0,1,1,1,1,1,1,1,1,1,1,1,1,1,1,1
Colletidae,,,mesillae ssp. cressoni,R,C,C,C,S,C,C,1, ,,8,117,30,28,1,11,11,7,R,C,C,C,S,C,C,, ,0,0,,,,1,1,1,1,1,1,1,,0,0,0,0,0,0,,0,0,0,0,0,0,0,,1,1,1,1,1,1,1,1,1,1,1,1,1,1,1,1,1,1,1,1,1
Colletidae,,,rudbeckiae,R, , , , ,R,R,0.43, ,,6,,,,,2,3,3,R, , , , ,R,R,, ,0,0,,,,1,0,0,0,0,1,1,,0,0,0,0,0,0,,0,0,0,0,0,0,0,,0,0,0,0,1,1,0,0,0,0,0,0,0,0,0,0,0,0,0,0,1
Colletidae,,,verticalis,R,C,C,C, ,R,R,0.86, ,,3,18,14,57,,3,3,6,R,C,C,C, ,R,R,, ,0,0,,,,1,1,1,1,0,1,1,,0,0,0,0,0,0,,0,0,0,0,0,0,0,,1,1,1,0,1,1,1,1,0,1,1,1,0,1,1,0,1,1,0,0,1
Colletidae,,(Paraprosopis),aff. cookii n.sp., ,R,R,R, , , ,0.43,A,,,7,2,3,,,,3, ,R,R,R, , , ,,A,1,0,,,,0,1,1,1,0,0,0,,1,0,0,0,0,0,,0,0,0,0,0,0,0,,0,0,0,0,0,0,1,1,0,0,0,1,0,0,0,0,0,0,0,0,0
Colletidae,,,calvus,R, ,C,C, ,R,C,0.71, ,,3,,29,16,,5,14,5,R, ,C,C, ,R,C,, ,0,0,,,,1,0,1,1,0,1,1,,0,0,0,0,0,0,,0,0,0,0,0,0,0,,0,1,1,0,1,1,0,0,0,0,0,1,0,1,1,0,1,1,0,0,1
Colletidae,,,coloradensis, ,C,C,R, , , ,0.43,A,,,20,12,7,,,,3, ,C,C,R, , , ,,A,1,0,,,,0,1,1,1,0,0,0,,1,0,0,0,0,0,,0,0,0,0,0,0,0,,0,0,0,0,0,0,1,1,0,0,0,1,0,0,0,0,0,0,0,0,0
Colletidae,,,n. sp.2, ,C,R,R, ,R, ,0.57, ,,,39,9,10,,2,,4, ,C,R,R, ,R, ,, ,0,0,,,,0,1,1,1,0,1,0,,1,0,0,0,0,0,,0,0,0,0,0,0,0,,0,0,0,0,0,0,1,1,0,1,0,1,0,1,0,0,1,0,0,0,0
Colletidae,,,nevadensis,C,C,C,C, ,R,C,0.86, ,,11,16,17,25,,3,24,6,C,C,C,C, ,R,C,, ,0,0,,,,1,1,1,1,0,1,1,,0,0,0,0,0,0,,0,0,0,0,0,0,0,,1,1,1,0,1,1,1,1,0,1,1,1,0,1,1,0,1,1,0,0,1
Colletidae,,,polifolii, ,C,C,C, ,R, ,0.57, ,,,93,47,16,,4,,4, ,C,C,C, ,R, ,, ,0,0,,,,0,1,1,1,0,1,0,,1,0,0,0,0,0,,0,0,0,0,0,0,0,,0,0,0,0,0,0,1,1,0,1,0,1,0,1,0,0,1,0,0,0,0
Colletidae,,(Prosopis),aff. episcopalis,C,C,C,C, ,R,R,0.86, ,,11,105,27,36,,3,3,6,C,C,C,C, ,R,R,, ,0,0,,,,1,1,1,1,0,1,1,,0,0,0,0,0,0,,0,0,0,0,0,0,0,,1,1,1,0,1,1,1,1,0,1,1,1,0,1,1,0,1,1,0,0,1
Colletidae,,(Spatulariella),punctatus, , , ,S, , , ,0.14,A,,,,,1,,,,1, , , ,S, , , ,,A,1,0,,,,0,0,0,1,0,0,0,,0,0,1,0,0,0,,0,0,0,1,0,0,0,,0,0,0,0,0,0,0,0,0,0,0,0,0,0,0,0,0,0,0,0,0
,,,,,,,,,,,,,,9,15,15,17,3,12,13,,,,,,,,,,,,,,,,,,,,,,,,8,1,2,0,0,1,,,,,,,,,,,,,,,,,,,,,,,,,,,,,,
Halictidae,Agapostemon,(Agapostemon),femoratus, , , , ,R,R, ,0.29, ,,,,,,2,2,,2, , , , ,R,R, ,, ,0,0,,,,0,0,0,0,1,1,0,,0,0,0,1,0,0,,0,0,0,0,0,0,0,,0,0,0,0,0,0,0,0,0,0,0,0,0,0,0,0,0,0,1,0,0
Halictidae,,,texanus,R,R,R,C,C,C,C,1, ,,2,2,4,60,80,182,343,7,R,R,R,C,C,C,C,, ,0,0,,,,1,1,1,1,1,1,1,,0,0,0,0,0,0,,0,0,0,0,0,0,0,,1,1,1,1,1,1,1,1,1,1,1,1,1,1,1,1,1,1,1,1,1
Halictidae,Augochlorella,(Augochlorella),pomoniella, ,R,R, , , ,R,0.43, ,,,5,3,,,,2,3, ,R,R, , , ,R,, ,0,0,,,,0,1,1,0,0,0,1,,1,0,0,0,0,0,,0,0,0,0,0,0,0,,0,0,0,0,0,0,1,0,0,0,1,0,0,0,1,0,0,0,0,0,0
Halictidae,Conanthalictus,(Phaceliapis),bakeri, ,S,R,S, ,R,S,0.71, ,,,1,6,1,,2,1,5, ,S,R,S, ,R,S,, ,0,0,,,,0,1,1,1,0,1,1,,1,0,0,0,0,0,,0,0,0,0,0,0,0,,0,0,0,0,0,0,1,1,0,1,1,1,0,1,1,0,1,1,0,0,1
Halictidae,,,seminiger, , , ,S, , ,S,0.29, ,,,,,1,,,1,2, , , ,S, , ,S,, ,0,0,,,,0,0,0,1,0,0,1,,0,0,1,0,0,0,,0,0,0,0,0,0,0,,0,0,0,0,0,0,0,0,0,0,0,0,0,0,0,0,0,1,0,0,0
Halictidae,Dufourea,,dentipes, , , , , ,S, ,0.14,N,,,,,,,1,,1, , , , , ,S, ,,N,0,1,P7,0,,0,0,0,0,0,1,0,,0,0,0,0,1,0,,0,0,0,0,0,1,0,,0,0,0,0,0,0,0,0,0,0,0,0,0,0,0,0,0,0,0,0,0
Halictidae,,,leachi,S,S,C,R,R,R,C,1, ,,1,1,19,2,2,10,69,7,S,S,C,R,R,R,C,, ,0,0,,,,1,1,1,1,1,1,1,,0,0,0,0,0,0,,0,0,0,0,0,0,0,,1,1,1,1,1,1,1,1,1,1,1,1,1,1,1,1,1,1,1,1,1
Halictidae,,,mulleri, ,R,R, , ,R, ,0.43, ,,,2,2,,,2,,3, ,R,R, , ,R, ,, ,0,0,,,,0,1,1,0,0,1,0,,1,0,0,0,0,0,,0,0,0,0,0,0,0,,0,0,0,0,0,0,1,0,0,1,0,0,0,1,0,0,0,0,0,0,0
Halictidae,,,rhamni,R,R,R, , , ,S,0.57, ,,6,4,9,,,,1,4,R,R,R, , , ,S,, ,0,0,,,,1,1,1,0,0,0,1,,0,0,0,0,0,0,,0,0,0,0,0,0,0,,1,1,0,0,0,1,1,0,0,0,1,0,0,0,1,0,0,0,0,0,0
Halictidae,,,sandhouseae, ,C,C, , ,C,C,0.57, ,,,48,35,,,70,28,4, ,C,C, , ,C,C,, ,0,0,,,,0,1,1,0,0,1,1,,1,0,0,0,0,0,,0,0,0,0,0,0,0,,0,0,0,0,0,0,1,0,0,1,1,0,0,1,1,0,0,0,0,0,1
Halictidae,,,sparsipunctata,C,C,R,R,C,C,C,1, ,,28,53,8,5,27,110,56,7,C,C,R,R,C,C,C,, ,0,0,,,,1,1,1,1,1,1,1,,0,0,0,0,0,0,,0,0,0,0,0,0,0,,1,1,1,1,1,1,1,1,1,1,1,1,1,1,1,1,1,1,1,1,1
Halictidae,,,virgata,C,R,S,S, ,R,R,0.86, ,,15,6,1,1,,10,3,6,C,R,S,S, ,R,R,, ,0,0,,,,1,1,1,1,0,1,1,,0,0,0,0,0,0,,0,0,0,0,0,0,0,,1,1,1,0,1,1,1,1,0,1,1,1,0,1,1,0,1,1,0,0,1
Halictidae,Halictus,(Nealictus),farinosus,C,C,C,C,C,C,C,1, ,,11,77,58,177,124,215,846,7,C,C,C,C,C,C,C,, ,0,0,,,,1,1,1,1,1,1,1,,0,0,0,0,0,0,,0,0,0,0,0,0,0,,1,1,1,1,1,1,1,1,1,1,1,1,1,1,1,1,1,1,1,1,1
Halictidae,,(Odontalictus),ligatus, , , ,R,C,C,C,0.57, ,,,,,3,25,12,63,4, , , ,R,C,C,C,, ,0,0,,,,0,0,0,1,1,1,1,,0,0,1,0,0,0,,0,0,0,0,0,0,0,,0,0,0,0,0,0,0,0,0,0,0,0,0,0,0,1,1,1,1,1,1
Halictidae,,(Protohalictus),rubicundus, , , , ,S, , ,0.14,A,,,,,,1,,,1, , , , ,S, , ,,A,1,0,,,,0,0,0,0,1,0,0,,0,0,0,1,0,0,,0,0,0,0,1,0,0,,0,0,0,0,0,0,0,0,0,0,0,0,0,0,0,0,0,0,0,0,0
Halictidae,,(Seladonia),tripartitus,C,C,C,C,C,C,C,1, ,,13,41,347,872,569,1263,2440,7,C,C,C,C,C,C,C,, ,0,0,,,,1,1,1,1,1,1,1,,0,0,0,0,0,0,,0,0,0,0,0,0,0,,1,1,1,1,1,1,1,1,1,1,1,1,1,1,1,1,1,1,1,1,1
Halictidae,Lasioglossum,(Dialictus),albohirtum, , , ,R, ,S,R,0.43, ,,,,,3,,1,4,3, , , ,R, ,S,R,, ,0,0,,,,0,0,0,1,0,1,1,,0,0,1,0,0,0,,0,0,0,0,0,0,0,,0,0,0,0,0,0,0,0,0,0,0,0,0,0,0,0,1,1,0,0,1
Halictidae,,,brunneiventre, ,R,R,R, ,C,C,0.71, ,,,6,3,10,,1381,667,5, ,R,R,R, ,C,C,, ,0,0,,,,0,1,1,1,0,1,1,,1,0,0,0,0,0,,0,0,0,0,0,0,0,,0,0,0,0,0,0,1,1,0,1,1,1,0,1,1,0,1,1,0,0,1
Halictidae,,,diversopunctatum, , ,S, , ,R, ,0.29, ,,,,1,,,2,,2, , ,S, , ,R, ,, ,0,0,,,,0,0,1,0,0,1,0,,0,1,0,0,0,0,,0,0,0,0,0,0,0,,0,0,0,0,0,0,0,0,0,0,0,0,0,1,0,0,0,0,0,0,0
Halictidae,,,hudsoniellum, , , , , ,S,R,0.29,N,,,,,,,1,5,2, , , , , ,S,R,,N,0,1,P1,1,,0,0,0,0,0,1,1,,0,0,0,0,1,0,,0,0,0,0,0,0,0,,0,0,0,0,0,0,0,0,0,0,0,0,0,0,0,0,0,0,0,0,1
Halictidae,,,imbrex,R,C,C,C, ,C,C,0.86, ,,8,26,85,139,,291,109,6,R,C,C,C, ,C,C,, ,0,0,,,,1,1,1,1,0,1,1,,0,0,0,0,0,0,,0,0,0,0,0,0,0,,1,1,1,0,1,1,1,1,0,1,1,1,0,1,1,0,1,1,0,0,1
Halictidae,,,cf. impavidum, , , , , , ,S,0.14,N,,,,,,,,1,1, , , , , , ,S,,N,0,1,P1,1,impavidum,0,0,0,0,0,0,1,,0,0,0,0,0,1,,0,0,0,0,0,0,1,,0,0,0,0,0,0,0,0,0,0,0,0,0,0,0,0,0,0,0,0,0
Halictidae,,,incompletum,R,R,C,C, ,C,C,0.86, ,,4,8,76,315,,885,3297,6,R,R,C,C, ,C,C,, ,0,0,,,,1,1,1,1,0,1,1,,0,0,0,0,0,0,,0,0,0,0,0,0,0,,1,1,1,0,1,1,1,1,0,1,1,1,0,1,1,0,1,1,0,0,1
Halictidae,,,megastictum, , ,S, , ,R, ,0.29, ,,,,1,,,2,,2, , ,S, , ,R, ,, ,0,0,,,,0,0,1,0,0,1,0,,0,1,0,0,0,0,,0,0,0,0,0,0,0,,0,0,0,0,0,0,0,0,0,0,0,0,0,1,0,0,0,0,0,0,0
Halictidae,,,nevadense,R,C,C,C, ,C,C,0.86, ,,3,48,101,168,,168,213,6,R,C,C,C, ,C,C,, ,0,0,,,,1,1,1,1,0,1,1,,0,0,0,0,0,0,,0,0,0,0,0,0,0,,1,1,1,0,1,1,1,1,0,1,1,1,0,1,1,0,1,1,0,0,1
Halictidae,,,perichlarum, , , , , ,R, ,0.14,N,,,,,,,2,,1, , , , , ,R, ,,N,0,1,"P3, P1",0,,0,0,0,0,0,1,0,,0,0,0,0,1,0,,0,0,0,0,0,1,0,,0,0,0,0,0,0,0,0,0,0,0,0,0,0,0,0,0,0,0,0,0
Halictidae,,,petrellum, ,S, , , , , ,0.14,A,,,1,,,,,,1, ,S, , , , , ,,A,1,0,,,,0,1,0,0,0,0,0,,1,0,0,0,0,0,,0,1,0,0,0,0,0,,0,0,0,0,0,0,0,0,0,0,0,0,0,0,0,0,0,0,0,0,0
Halictidae,,,punctatoventre,R,C,C,C, ,C,C,0.86, ,,6,28,67,100,,248,242,6,R,C,C,C, ,C,C,, ,0,0,,,,1,1,1,1,0,1,1,,0,0,0,0,0,0,,0,0,0,0,0,0,0,,1,1,1,0,1,1,1,1,0,1,1,1,0,1,1,0,1,1,0,0,1
Halictidae,,,aff. ruidosense,R,R, ,R, , , ,0.43,A,,2,2,,2,,,,3,R,R, ,R, , , ,,A,1,0,,,,1,1,0,1,0,0,0,,0,0,0,0,0,0,,0,0,0,0,0,0,0,,1,0,1,0,0,0,0,1,0,0,0,0,0,0,0,0,0,0,0,0,0
Halictidae,,(Evylaeus),argemonis,R,C,C,C, ,C,C,0.86, ,,4,15,33,61,,33,20,6,R,C,C,C, ,C,C,, ,0,0,,,,1,1,1,1,0,1,1,,0,0,0,0,0,0,,0,0,0,0,0,0,0,,1,1,1,0,1,1,1,1,0,1,1,1,0,1,1,0,1,1,0,0,1
Halictidae,,,giffardi, , , , ,S,C,R,0.43, ,,,,,,1,26,6,3, , , , ,S,C,R,, ,0,0,,,,0,0,0,0,1,1,1,,0,0,0,1,0,0,,0,0,0,0,0,0,0,,0,0,0,0,0,0,0,0,0,0,0,0,0,0,0,0,0,0,1,1,1
Halictidae,,,robustum, ,S,R,C, ,C,C,0.71, ,,,1,7,18,,43,56,5, ,S,R,C, ,C,C,, ,0,0,,,,0,1,1,1,0,1,1,,1,0,0,0,0,0,,0,0,0,0,0,0,0,,0,0,0,0,0,0,1,1,0,1,1,1,0,1,1,0,1,1,0,0,1
Halictidae,,(Hemihalictus),aspilurum, ,S, ,S, ,R,R,0.57, ,,,1,,1,,8,2,4, ,S, ,S, ,R,R,, ,0,0,,,,0,1,0,1,0,1,1,,1,0,0,0,0,0,,0,0,0,0,0,0,0,,0,0,0,0,0,0,0,1,0,1,1,0,0,0,0,0,1,1,0,0,1
Halictidae,,,glabriventre,R,R,R,C, ,C,C,0.86, ,,4,5,8,39,,20,42,6,R,R,R,C, ,C,C,, ,0,0,,,,1,1,1,1,0,1,1,,0,0,0,0,0,0,,0,0,0,0,0,0,0,,1,1,1,0,1,1,1,1,0,1,1,1,0,1,1,0,1,1,0,0,1
Halictidae,,,kincaidii,R,R,S,S, ,R,R,0.86, ,,2,3,1,1,,2,5,6,R,R,S,S, ,R,R,, ,0,0,,,,1,1,1,1,0,1,1,,0,0,0,0,0,0,,0,0,0,0,0,0,0,,1,1,1,0,1,1,1,1,0,1,1,1,0,1,1,0,1,1,0,0,1
Halictidae,,,ovaliceps, ,S,R, , ,S, ,0.43, ,,,1,2,,,1,,3, ,S,R, , ,S, ,, ,0,0,,,,0,1,1,0,0,1,0,,1,0,0,0,0,0,,0,0,0,0,0,0,0,,0,0,0,0,0,0,1,0,0,1,0,0,0,1,0,0,0,0,0,0,0
Halictidae,,,ruficorne,R,R,C,C, ,C,R,0.86, ,,3,5,11,13,,13,5,6,R,R,C,C, ,C,R,, ,0,0,,,,1,1,1,1,0,1,1,,0,0,0,0,0,0,,0,0,0,0,0,0,0,,1,1,1,0,1,1,1,1,0,1,1,1,0,1,1,0,1,1,0,0,1
Halictidae,,,sequoiae,S, ,R,C, ,C,C,0.71, ,,1,,9,30,,48,81,5,S, ,R,C, ,C,C,, ,0,0,,,,1,0,1,1,0,1,1,,0,0,0,0,0,0,,0,0,0,0,0,0,0,,0,1,1,0,1,1,0,0,0,0,0,1,0,1,1,0,1,1,0,0,1
Halictidae,,(Lasioglossum),egregium, ,S,R,R, ,C,C,0.71, ,,,1,6,5,,18,58,5, ,S,R,R, ,C,C,, ,0,0,,,,0,1,1,1,0,1,1,,1,0,0,0,0,0,,0,0,0,0,0,0,0,,0,0,0,0,0,0,1,1,0,1,1,1,0,1,1,0,1,1,0,0,1
Halictidae,,,mellipes, , , , ,R,C,R,0.43, ,,,,,,8,13,2,3, , , , ,R,C,R,, ,0,0,,,,0,0,0,0,1,1,1,,0,0,0,1,0,0,,0,0,0,0,0,0,0,,0,0,0,0,0,0,0,0,0,0,0,0,0,0,0,0,0,0,1,1,1
Halictidae,,,sisymbrii,R,C,C,C,C,C,C,1, ,,6,11,13,20,35,147,70,7,R,C,C,C,C,C,C,, ,0,0,,,,1,1,1,1,1,1,1,,0,0,0,0,0,0,,0,0,0,0,0,0,0,,1,1,1,1,1,1,1,1,1,1,1,1,1,1,1,1,1,1,1,1,1
Halictidae,,,titusi, , ,S,R, ,C,C,0.57, ,,,,1,5,,15,17,4, , ,S,R, ,C,C,, ,0,0,,,,0,0,1,1,0,1,1,,0,1,0,0,0,0,,0,0,0,0,0,0,0,,0,0,0,0,0,0,0,0,0,0,0,1,0,1,1,0,1,1,0,0,1
Halictidae,,(Sphecodogastra),allonotum, , ,S, , ,R,R,0.43, ,,,,1,,,2,7,3, , ,S, , ,R,R,, ,0,0,,,,0,0,1,0,0,1,1,,0,1,0,0,0,0,,0,0,0,0,0,0,0,,0,0,0,0,0,0,0,0,0,0,0,0,0,1,1,0,0,0,0,0,1
Halictidae,,,aff. avalonense, ,S,R,C, ,C,C,0.71, ,,,1,3,15,,416,295,5, ,S,R,C, ,C,C,, ,0,0,,,,0,1,1,1,0,1,1,,1,0,0,0,0,0,,0,0,0,0,0,0,0,,0,0,0,0,0,0,1,1,0,1,1,1,0,1,1,0,1,1,0,0,1
Halictidae,,,miguelense, ,S, ,R, ,R,C,0.57, ,,,1,,2,,8,31,4, ,S, ,R, ,R,C,, ,0,0,,,,0,1,0,1,0,1,1,,1,0,0,0,0,0,,0,0,0,0,0,0,0,,0,0,0,0,0,0,0,1,0,1,1,0,0,0,0,0,1,1,0,0,1
Halictidae,,,nigrescens,C,C,C,C, ,C,C,0.86, ,,39,115,528,875,,2247,2314,6,C,C,C,C, ,C,C,, ,0,0,,,,1,1,1,1,0,1,1,,0,0,0,0,0,0,,0,0,0,0,0,0,0,,1,1,1,0,1,1,1,1,0,1,1,1,0,1,1,0,1,1,0,0,1
Halictidae,,,sp. 16, , , ,R, ,C,C,0.43, ,,,,,4,,74,86,3, , , ,R, ,C,C,, ,0,0,,,,0,0,0,1,0,1,1,,0,0,1,0,0,0,,0,0,0,0,0,0,0,,0,0,0,0,0,0,0,0,0,0,0,0,0,0,0,0,1,1,0,0,1
Halictidae,Micralictoides,,altadenae, ,S, , , ,R, ,0.29, ,,,1,,,,5,,2, ,S, , , ,R, ,, ,0,0,,,,0,1,0,0,0,1,0,,1,0,0,0,0,0,,0,0,0,0,0,0,0,,0,0,0,0,0,0,0,0,0,1,0,0,0,0,0,0,0,0,0,0,0
Halictidae,,,ruficaudus,R,R,S, , ,C,R,0.71, ,,6,5,1,,,36,4,5,R,R,S, , ,C,R,, ,0,0,,,,1,1,1,0,0,1,1,,0,0,0,0,0,0,,0,0,0,0,0,0,0,,1,1,0,0,1,1,1,0,0,1,1,0,0,1,1,0,0,0,0,0,1
Halictidae,Sphecodes,,arvensiformis,S,R, , ,S,S,R,0.71, ,,1,3,,,1,1,2,5,S,R, , ,S,S,R,, ,0,0,,,,1,1,0,0,1,1,1,,0,0,0,0,0,0,,0,0,0,0,0,0,0,,1,0,0,1,1,1,0,0,1,1,1,0,0,0,0,0,0,0,1,1,1
Halictidae,,,sp. B,R,C,C,R, ,R,R,0.86, ,,2,12,19,4,,3,7,6,R,C,C,R, ,R,R,, ,0,0,,,,1,1,1,1,0,1,1,,0,0,0,0,0,0,,0,0,0,0,0,0,0,,1,1,1,0,1,1,1,1,0,1,1,1,0,1,1,0,1,1,0,0,1
Halictidae,,,sp. C,R, , , , , , ,0.14,A,,3,,,,,,,1,R, , , , , , ,,A,1,0,,,,1,0,0,0,0,0,0,,0,0,0,0,0,0,,1,0,0,0,0,0,0,,0,0,0,0,0,0,0,0,0,0,0,0,0,0,0,0,0,0,0,0,0
Halictidae,,,sp. D,R, ,S,R, ,R,R,0.71, ,,5,,1,6,,4,5,5,R, ,S,R, ,R,R,, ,0,0,,,,1,0,1,1,0,1,1,,0,0,0,0,0,0,,0,0,0,0,0,0,0,,0,1,1,0,1,1,0,0,0,0,0,1,0,1,1,0,1,1,0,0,1
Halictidae,,,sp. E,S,R,R,C,R,C,C,1, ,,1,8,8,33,4,59,15,7,S,R,R,C,R,C,C,, ,0,0,,,,1,1,1,1,1,1,1,,0,0,0,0,0,0,,0,0,0,0,0,0,0,,1,1,1,1,1,1,1,1,1,1,1,1,1,1,1,1,1,1,1,1,1
Halictidae,,,sp. F,S,R, , , , , ,0.29,A,,1,3,,,,,,2,S,R, , , , , ,,A,1,0,,,,1,1,0,0,0,0,0,,0,0,0,0,0,0,,0,0,0,0,0,0,0,,1,0,0,0,0,0,0,0,0,0,0,0,0,0,0,0,0,0,0,0,0
Halictidae,,,sp. I, ,S, , , , , ,0.14,A,,,1,,,,,,1, ,S, , , , , ,,A,1,0,,,,0,1,0,0,0,0,0,,1,0,0,0,0,0,,0,1,0,0,0,0,0,,0,0,0,0,0,0,0,0,0,0,0,0,0,0,0,0,0,0,0,0,0
Halictidae,,,sp. J, ,R, , , , , ,0.14,A,,,5,,,,,,1, ,R, , , , , ,,A,1,0,,,,0,1,0,0,0,0,0,,1,0,0,0,0,0,,0,1,0,0,0,0,0,,0,0,0,0,0,0,0,0,0,0,0,0,0,0,0,0,0,0,0,0,0
Halictidae,,,sp. K, ,S, , , , , ,0.14,A,,,1,,,,,,1, ,S, , , , , ,,A,1,0,,,,0,1,0,0,0,0,0,,1,0,0,0,0,0,,0,1,0,0,0,0,0,,0,0,0,0,0,0,0,0,0,0,0,0,0,0,0,0,0,0,0,0,0
Halictidae,,,sp. L, ,S,R,C, ,R, ,0.57, ,,,1,3,13,,2,,4, ,S,R,C, ,R, ,, ,0,0,,,,0,1,1,1,0,1,0,,1,0,0,0,0,0,,0,0,0,0,0,0,0,,0,0,0,0,0,0,1,1,0,1,0,1,0,1,0,0,1,0,0,0,0
Halictidae,,,sp. M, , , , , , ,S,0.14,N,,,,,,,,1,1, , , , , , ,S,,N,0,1,P7,0,,0,0,0,0,0,0,1,,0,0,0,0,0,1,,0,0,0,0,0,0,1,,0,0,0,0,0,0,0,0,0,0,0,0,0,0,0,0,0,0,0,0,0
,,,,,,,,,,,,,,26,40,36,34,12,46,43,,,,,,,,,,,,,,,,,,,,,,,,17,4,4,4,3,2,,,,,,,,,,,,,,,,,,,,,,,,,,,,,,
Megachilidae,Anthidiellum,(Loyalanthidium),robertsoni, ,C,C, , ,R, ,0.43, ,,,34,19,,,3,,3, ,C,C, , ,R, ,, ,0,0,,,,0,1,1,0,0,1,0,,1,0,0,0,0,0,,0,0,0,0,0,0,0,,0,0,0,0,0,0,1,0,0,1,0,0,0,1,0,0,0,0,0,0,0
Megachilidae,Anthidium,(Anthidium),collectum,R,C,C,C,R,R,R,1, ,,2,15,16,16,3,2,4,7,R,C,C,C,R,R,R,, ,0,0,,,,1,1,1,1,1,1,1,,0,0,0,0,0,0,,0,0,0,0,0,0,0,,1,1,1,1,1,1,1,1,1,1,1,1,1,1,1,1,1,1,1,1,1
Megachilidae,,,edwardsii, , , , , , ,R,0.14,N,,,,,,,,7,1, , , , , , ,R,,N,0,1,"P7, P9, P1, Airstrip",0,,0,0,0,0,0,0,1,,0,0,0,0,0,1,,0,0,0,0,0,0,1,,0,0,0,0,0,0,0,0,0,0,0,0,0,0,0,0,0,0,0,0,0
Megachilidae,,,jocosum, , , , , , ,R,0.14,N,,,,,,,,3,1, , , , , , ,R,,N,0,1,P6,1,,0,0,0,0,0,0,1,,0,0,0,0,0,1,,0,0,0,0,0,0,1,,0,0,0,0,0,0,0,0,0,0,0,0,0,0,0,0,0,0,0,0,0
Megachilidae,,,maculosum, ,S, , , , , ,0.14,A,,,1,,,,,,1, ,S, , , , , ,,A,1,0,,,,0,1,0,0,0,0,0,,1,0,0,0,0,0,,0,1,0,0,0,0,0,,0,0,0,0,0,0,0,0,0,0,0,0,0,0,0,0,0,0,0,0,0
Megachilidae,,,mormonum,S,R,S,R, , , ,0.57,A,,1,2,1,2,,,,4,S,R,S,R, , , ,,A,1,0,,,,1,1,1,1,0,0,0,,0,0,0,0,0,0,,0,0,0,0,0,0,0,,1,1,1,0,0,0,1,1,0,0,0,1,0,0,0,0,0,0,0,0,0
Megachilidae,,,pallidiclypeum,R,S,R,S,S, , ,0.71,A,,3,1,5,1,1,,,5,R,S,R,S,S, , ,,A,1,0,,,,1,1,1,1,1,0,0,,0,0,0,0,0,0,,0,0,0,0,0,0,0,,1,1,1,1,0,0,1,1,1,0,0,1,1,0,0,1,0,0,0,0,0
Megachilidae,,,utahense,C,C,C,C,C,C,C,1, ,,33,236,218,96,17,43,162,7,C,C,C,C,C,C,C,, ,0,0,,,,1,1,1,1,1,1,1,,0,0,0,0,0,0,,0,0,0,0,0,0,0,,1,1,1,1,1,1,1,1,1,1,1,1,1,1,1,1,1,1,1,1,1
Megachilidae,,(Callanthidium),illustre, ,C,R,R, ,S,R,0.71, ,,,22,10,5,,1,6,5, ,C,R,R, ,S,R,, ,0,0,,,,0,1,1,1,0,1,1,,1,0,0,0,0,0,,0,0,0,0,0,0,0,,0,0,0,0,0,0,1,1,0,1,1,1,0,1,1,0,1,1,0,0,1
Megachilidae,Ashmeadiella,(Arogochila),aff. salviae n. sp. 2, , , , , ,S, ,0.14,N,,,,,,,1,,1, , , , , ,S, ,,N,0,1,P5,1,,0,0,0,0,0,1,0,,0,0,0,0,1,0,,0,0,0,0,0,1,0,,0,0,0,0,0,0,0,0,0,0,0,0,0,0,0,0,0,0,0,0,0
Megachilidae,,,australis, ,R,R,R, , ,S,0.57, ,,,6,2,2,,,1,4, ,R,R,R, , ,S,, ,0,0,,,,0,1,1,1,0,0,1,,1,0,0,0,0,0,,0,0,0,0,0,0,0,,0,0,0,0,0,0,1,1,0,0,1,1,0,0,1,0,0,1,0,0,0
Megachilidae,,,salviae,R,C,C,R,S,R,C,1, ,,6,78,19,7,1,7,34,7,R,C,C,R,S,R,C,, ,0,0,,,,1,1,1,1,1,1,1,,0,0,0,0,0,0,,0,0,0,0,0,0,0,,1,1,1,1,1,1,1,1,1,1,1,1,1,1,1,1,1,1,1,1,1
Megachilidae,,,timberlakei,C,C,C,C, ,R,R,0.86, ,,18,133,48,34,,3,8,6,C,C,C,C, ,R,R,, ,0,0,,,,1,1,1,1,0,1,1,,0,0,0,0,0,0,,0,0,0,0,0,0,0,,1,1,1,0,1,1,1,1,0,1,1,1,0,1,1,0,1,1,0,0,1
Megachilidae,,(Ashmeadiella),altadenae, , , , , ,R,R,0.29,N,,,,,,,4,2,2, , , , , ,R,R,,N,0,1,"P5, P2, P10, P9",0,,0,0,0,0,0,1,1,,0,0,0,0,1,0,,0,0,0,0,0,0,0,,0,0,0,0,0,0,0,0,0,0,0,0,0,0,0,0,0,0,0,0,1
Megachilidae,,,aridula, , , , ,R, ,C,0.29, ,,,,,,3,,27,2, , , , ,R, ,C,, ,0,0,,,,0,0,0,0,1,0,1,,0,0,0,1,0,0,,0,0,0,0,0,0,0,,0,0,0,0,0,0,0,0,0,0,0,0,0,0,0,0,0,0,0,1,0
Megachilidae,,,bucconis, ,C,R, , , ,R,0.43, ,,,16,2,,,,2,3, ,C,R, , , ,R,, ,0,0,,,,0,1,1,0,0,0,1,,1,0,0,0,0,0,,0,0,0,0,0,0,0,,0,0,0,0,0,0,1,0,0,0,1,0,0,0,1,0,0,0,0,0,0
Megachilidae,,,cactorum ssp. basalis, ,R, , , , ,R,0.29, ,,,5,,,,,2,2, ,R, , , , ,R,, ,0,0,,,,0,1,0,0,0,0,1,,1,0,0,0,0,0,,0,0,0,0,0,0,0,,0,0,0,0,0,0,0,0,0,0,1,0,0,0,0,0,0,0,0,0,0
Megachilidae,,,californica ssp. californica,R,C,C,C,R,R,C,1, ,,2,36,31,54,3,4,26,7,R,C,C,C,R,R,C,, ,0,0,,,,1,1,1,1,1,1,1,,0,0,0,0,0,0,,0,0,0,0,0,0,0,,1,1,1,1,1,1,1,1,1,1,1,1,1,1,1,1,1,1,1,1,1
Megachilidae,,,difugita ssp. emarginatula, ,R,R, , ,S,R,0.57, ,,,4,4,,,1,10,4, ,R,R, , ,S,R,, ,0,0,,,,0,1,1,0,0,1,1,,1,0,0,0,0,0,,0,0,0,0,0,0,0,,0,0,0,0,0,0,1,0,0,1,1,0,0,1,1,0,0,0,0,0,1
Megachilidae,,,femorata, ,R, ,C, , , ,0.29,A,,,10,,12,,,,2, ,R, ,C, , , ,,A,1,0,,,,0,1,0,1,0,0,0,,1,0,0,0,0,0,,0,0,0,0,0,0,0,,0,0,0,0,0,0,0,1,0,0,0,0,0,0,0,0,0,0,0,0,0
Megachilidae,,,foveata,S,C,C,C, ,S, ,0.71, ,,1,31,15,12,,1,,5,S,C,C,C, ,S, ,, ,0,0,,,,1,1,1,1,0,1,0,,0,0,0,0,0,0,,0,0,0,0,0,0,0,,1,1,1,0,1,0,1,1,0,1,0,1,0,1,0,0,1,0,0,0,0
Megachilidae,,,gillettei ssp. cismontanica, ,S,S, , , , ,0.29,A,,,1,1,,,,,2, ,S,S, , , , ,,A,1,0,,,,0,1,1,0,0,0,0,,1,0,0,0,0,0,,0,0,0,0,0,0,0,,0,0,0,0,0,0,1,0,0,0,0,0,0,0,0,0,0,0,0,0,0
Megachilidae,,,meliloti, ,C,C, , , , ,0.29,A,,,39,20,,,,,2, ,C,C, , , , ,,A,1,0,,,,0,1,1,0,0,0,0,,1,0,0,0,0,0,,0,0,0,0,0,0,0,,0,0,0,0,0,0,1,0,0,0,0,0,0,0,0,0,0,0,0,0,0
Megachilidae,,,pronitens, ,S, , , , , ,0.14,A,,,1,,,,,,1, ,S, , , , , ,,A,1,0,,,,0,1,0,0,0,0,0,,1,0,0,0,0,0,,0,1,0,0,0,0,0,,0,0,0,0,0,0,0,0,0,0,0,0,0,0,0,0,0,0,0,0,0
Megachilidae,,,aff. rufitarsis,R,R,R,R, , , ,0.57,A,,2,5,5,2,,,,4,R,R,R,R, , , ,,A,1,0,,,,1,1,1,1,0,0,0,,0,0,0,0,0,0,,0,0,0,0,0,0,0,,1,1,1,0,0,0,1,1,0,0,0,1,0,0,0,0,0,0,0,0,0
Megachilidae,,,sonora, ,R,S, ,S, ,R,0.57, ,,,3,1,,1,,2,4, ,R,S, ,S, ,R,, ,0,0,,,,0,1,1,0,1,0,1,,1,0,0,0,0,0,,0,0,0,0,0,0,0,,0,0,0,0,0,0,1,0,1,0,1,0,1,0,1,0,0,0,0,1,0
Megachilidae,,,titusi, ,C,R,S, , ,S,0.57, ,,,22,2,1,,,1,4, ,C,R,S, , ,S,, ,0,0,,,,0,1,1,1,0,0,1,,1,0,0,0,0,0,,0,0,0,0,0,0,0,,0,0,0,0,0,0,1,1,0,0,1,1,0,0,1,0,0,1,0,0,0
Megachilidae,Atoposmia,(Atoposmia),n. sp. 2,R,R,S, , ,S, ,0.57, ,,2,7,1,,,1,,4,R,R,S, , ,S, ,, ,0,0,,,,1,1,1,0,0,1,0,,0,0,0,0,0,0,,0,0,0,0,0,0,0,,1,1,0,0,1,0,1,0,0,1,0,0,0,1,0,0,0,0,0,0,0
Megachilidae,,,pycnognatha, ,C,R,S, , , ,0.43,A,,,21,5,1,,,,3, ,C,R,S, , , ,,A,1,0,,,,0,1,1,1,0,0,0,,1,0,0,0,0,0,,0,0,0,0,0,0,0,,0,0,0,0,0,0,1,1,0,0,0,1,0,0,0,0,0,0,0,0,0
Megachilidae,,(Eremosmia),hemizoniae, , , , , ,S, ,0.14,N,,,,,,,1,,1, , , , , ,S, ,,N,0,1,P8,0,,0,0,0,0,0,1,0,,0,0,0,0,1,0,,0,0,0,0,0,1,0,,0,0,0,0,0,0,0,0,0,0,0,0,0,0,0,0,0,0,0,0,0
Megachilidae,,(Hexosmia),copelandica ssp. copelandica,R,C,R,R,S,R,R,1, ,,10,25,9,4,1,2,2,7,R,C,R,R,S,R,R,, ,0,0,,,,1,1,1,1,1,1,1,,0,0,0,0,0,0,,0,0,0,0,0,0,0,,1,1,1,1,1,1,1,1,1,1,1,1,1,1,1,1,1,1,1,1,1
Megachilidae,Chelostoma,(Chelostoma),aff. minutum n.sp., ,R,R,R, , ,S,0.57, ,,,10,2,5,,,1,4, ,R,R,R, , ,S,, ,0,0,,,,0,1,1,1,0,0,1,,1,0,0,0,0,0,,0,0,0,0,0,0,0,,0,0,0,0,0,0,1,1,0,0,1,1,0,0,1,0,0,1,0,0,0
Megachilidae,,,californicum,C,C,C,C,S,C,R,1, ,,17,130,61,18,1,14,6,7,C,C,C,C,S,C,R,, ,0,0,,,,1,1,1,1,1,1,1,,0,0,0,0,0,0,,0,0,0,0,0,0,0,,1,1,1,1,1,1,1,1,1,1,1,1,1,1,1,1,1,1,1,1,1
Megachilidae,,,cockerelli,C,C,C,C,R,C,C,1, ,,19,93,18,101,3,36,37,7,C,C,C,C,R,C,C,, ,0,0,,,,1,1,1,1,1,1,1,,0,0,0,0,0,0,,0,0,0,0,0,0,0,,1,1,1,1,1,1,1,1,1,1,1,1,1,1,1,1,1,1,1,1,1
Megachilidae,,,incisulum,C,C,C,C, ,C,R,0.86, ,,23,56,39,24,,18,8,6,C,C,C,C, ,C,R,, ,0,0,,,,1,1,1,1,0,1,1,,0,0,0,0,0,0,,0,0,0,0,0,0,0,,1,1,1,0,1,1,1,1,0,1,1,1,0,1,1,0,1,1,0,0,1
Megachilidae,,,marginatum ssp. incisuloides,C,C,C,R, ,C,R,0.86, ,,16,65,20,7,,12,6,6,C,C,C,R, ,C,R,, ,0,0,,,,1,1,1,1,0,1,1,,0,0,0,0,0,0,,0,0,0,0,0,0,0,,1,1,1,0,1,1,1,1,0,1,1,1,0,1,1,0,1,1,0,0,1
Megachilidae,,,phaceliae,C,C,C,C, ,C,R,0.86, ,,30,256,46,81,,14,2,6,C,C,C,C, ,C,R,, ,0,0,,,,1,1,1,1,0,1,1,,0,0,0,0,0,0,,0,0,0,0,0,0,0,,1,1,1,0,1,1,1,1,0,1,1,1,0,1,1,0,1,1,0,0,1
Megachilidae,,,tetramerum,R,C,C,R, ,S,R,0.86, ,,3,55,18,4,,1,3,6,R,C,C,R, ,S,R,, ,0,0,,,,1,1,1,1,0,1,1,,0,0,0,0,0,0,,0,0,0,0,0,0,0,,1,1,1,0,1,1,1,1,0,1,1,1,0,1,1,0,1,1,0,0,1
Megachilidae,Coelioxys,(Boreocoelioxys),octodentata, ,R,R,S, ,S, ,0.57, ,,,7,3,1,,1,,4, ,R,R,S, ,S, ,, ,0,0,,,,0,1,1,1,0,1,0,,1,0,0,0,0,0,,0,0,0,0,0,0,0,,0,0,0,0,0,0,1,1,0,1,0,1,0,1,0,0,1,0,0,0,0
Megachilidae,,(Coelioxys),hirsutissima, , , , , ,R, ,0.14,N,,,,,,,5,,1, , , , , ,R, ,,N,0,1,"P3, Cyn E of P1",0,,0,0,0,0,0,1,0,,0,0,0,0,1,0,,0,0,0,0,0,1,0,,0,0,0,0,0,0,0,0,0,0,0,0,0,0,0,0,0,0,0,0,0
Megachilidae,,,serricaudata,S,R,R,R,S,R,R,1, ,,1,10,3,4,1,3,3,7,S,R,R,R,S,R,R,, ,0,0,,,,1,1,1,1,1,1,1,,0,0,0,0,0,0,,0,0,0,0,0,0,0,,1,1,1,1,1,1,1,1,1,1,1,1,1,1,1,1,1,1,1,1,1
Megachilidae,,(Cyrtocoelioxys),gilensis, ,S, , , , , ,0.14,A,,,1,,,,,,1, ,S, , , , , ,,A,1,0,,,,0,1,0,0,0,0,0,,1,0,0,0,0,0,,0,1,0,0,0,0,0,,0,0,0,0,0,0,0,0,0,0,0,0,0,0,0,0,0,0,0,0,0
Megachilidae,,,gonaspis, ,R, , , , , ,0.14,A,,,7,,,,,,1, ,R, , , , , ,,A,1,0,,,,0,1,0,0,0,0,0,,1,0,0,0,0,0,,0,1,0,0,0,0,0,,0,0,0,0,0,0,0,0,0,0,0,0,0,0,0,0,0,0,0,0,0
Megachilidae,Dianthidium,(Dianthidium),dubium ssp. dilectum, ,C,C,R,R,R,C,0.86, ,,,80,35,4,2,9,24,6, ,C,C,R,R,R,C,, ,0,0,,,,0,1,1,1,1,1,1,,1,0,0,0,0,0,,0,0,0,0,0,0,0,,0,0,0,0,0,0,1,1,1,1,1,1,1,1,1,1,1,1,1,1,1
Megachilidae,,,parvum ssp. schwarzi, , , , ,R,R,R,0.43, ,,,,,,2,2,6,3, , , , ,R,R,R,, ,0,0,,,,0,0,0,0,1,1,1,,0,0,0,1,0,0,,0,0,0,0,0,0,0,,0,0,0,0,0,0,0,0,0,0,0,0,0,0,0,0,0,0,1,1,1
Megachilidae,,,pudicum ssp. consimile,S,S,S,R,R,R,C,1, ,,1,1,1,2,8,6,18,7,S,S,S,R,R,R,C,, ,0,0,,,,1,1,1,1,1,1,1,,0,0,0,0,0,0,,0,0,0,0,0,0,0,,1,1,1,1,1,1,1,1,1,1,1,1,1,1,1,1,1,1,1,1,1
Megachilidae,,,singulare, ,S, , , , , ,0.14,A,,,1,,,,,,1, ,S, , , , , ,,A,1,0,,,,0,1,0,0,0,0,0,,1,0,0,0,0,0,,0,1,0,0,0,0,0,,0,0,0,0,0,0,0,0,0,0,0,0,0,0,0,0,0,0,0,0,0
Megachilidae,,,ulkei ssp. ulkei, ,R,S, ,S, ,R,0.57, ,,,4,1,,1,,2,4, ,R,S, ,S, ,R,, ,0,0,,,,0,1,1,0,1,0,1,,1,0,0,0,0,0,,0,0,0,0,0,0,0,,0,0,0,0,0,0,1,0,1,0,1,0,1,0,1,0,0,0,0,1,0
Megachilidae,Dioxys,,aurifusca, ,S, , , , , ,0.14,A,,,1,,,,,,1, ,S, , , , , ,,A,1,0,,,,0,1,0,0,0,0,0,,1,0,0,0,0,0,,0,1,0,0,0,0,0,,0,0,0,0,0,0,0,0,0,0,0,0,0,0,0,0,0,0,0,0,0
Megachilidae,,,pacifica ssp. pacifica, , ,S, ,S, ,R,0.43, ,,,,1,,1,,2,3, , ,S, ,S, ,R,, ,0,0,,,,0,0,1,0,1,0,1,,0,1,0,0,0,0,,0,0,0,0,0,0,0,,0,0,0,0,0,0,0,0,0,0,0,0,1,0,1,0,0,0,0,1,0
Megachilidae,,,pomonae ssp. pomonae,R,R,R,R, ,C,R,0.86, ,,3,9,4,9,,12,6,6,R,R,R,R, ,C,R,, ,0,0,,,,1,1,1,1,0,1,1,,0,0,0,0,0,0,,0,0,0,0,0,0,0,,1,1,1,0,1,1,1,1,0,1,1,1,0,1,1,0,1,1,0,0,1
Megachilidae,,,producta ssp. cismontanica,R,R,R,R, ,R,S,0.86, ,,7,3,7,3,,5,1,6,R,R,R,R, ,R,S,, ,0,0,,,,1,1,1,1,0,1,1,,0,0,0,0,0,0,,0,0,0,0,0,0,0,,1,1,1,0,1,1,1,1,0,1,1,1,0,1,1,0,1,1,0,0,1
Megachilidae,Heriades,(Neotrypetes),occidentalis, ,C,C, , , , ,0.29,A,,,128,85,,,,,2, ,C,C, , , , ,,A,1,0,,,,0,1,1,0,0,0,0,,1,0,0,0,0,0,,0,0,0,0,0,0,0,,0,0,0,0,0,0,1,0,0,0,0,0,0,0,0,0,0,0,0,0,0
Megachilidae,Hoplitis,(Acrosmia),aff. emarginata, ,C,R,R, ,S, ,0.57, ,,,14,4,4,,1,,4, ,C,R,R, ,S, ,, ,0,0,,,,0,1,1,1,0,1,0,,1,0,0,0,0,0,,0,0,0,0,0,0,0,,0,0,0,0,0,0,1,1,0,1,0,1,0,1,0,0,1,0,0,0,0
Megachilidae,,(Alcidamea),colei,R,C,R,C,R,C,C,1, ,,5,55,7,51,4,27,20,7,R,C,R,C,R,C,C,, ,0,0,,,,1,1,1,1,1,1,1,,0,0,0,0,0,0,,0,0,0,0,0,0,0,,1,1,1,1,1,1,1,1,1,1,1,1,1,1,1,1,1,1,1,1,1
Megachilidae,,,grinnelli,R,C,R,R, , ,R,0.71, ,,3,14,5,10,,,2,5,R,C,R,R, , ,R,, ,0,0,,,,1,1,1,1,0,0,1,,0,0,0,0,0,0,,0,0,0,0,0,0,0,,1,1,1,0,0,1,1,1,0,0,1,1,0,0,1,0,0,1,0,0,0
Megachilidae,,,producta ssp. bernardina, ,C, , , ,C,S,0.43, ,,,29,,,,13,1,3, ,C, , , ,C,S,, ,0,0,,,,0,1,0,0,0,1,1,,1,0,0,0,0,0,,0,0,0,0,0,0,0,,0,0,0,0,0,0,0,0,0,1,1,0,0,0,0,0,0,0,0,0,1
Megachilidae,,,producta ssp. gracilis,C,C,C,C,R,C,R,1, ,,21,60,11,23,6,16,8,7,C,C,C,C,R,C,R,, ,0,0,,,,1,1,1,1,1,1,1,,0,0,0,0,0,0,,0,0,0,0,0,0,0,,1,1,1,1,1,1,1,1,1,1,1,1,1,1,1,1,1,1,1,1,1
Megachilidae,,,sambuci,S,C,R,S, , ,S,0.71, ,,1,11,5,1,,,1,5,S,C,R,S, , ,S,, ,0,0,,,,1,1,1,1,0,0,1,,0,0,0,0,0,0,,0,0,0,0,0,0,0,,1,1,1,0,0,1,1,1,0,0,1,1,0,0,1,0,0,1,0,0,0
Megachilidae,,(Cyrtosmia),hypocrita,S,C,C,R, ,R,R,0.86, ,,1,26,14,5,,4,2,6,S,C,C,R, ,R,R,, ,0,0,,,,1,1,1,1,0,1,1,,0,0,0,0,0,0,,0,0,0,0,0,0,0,,1,1,1,0,1,1,1,1,0,1,1,1,0,1,1,0,1,1,0,0,1
Megachilidae,,(Hoplitina),bunocephala,S, ,S, , , , ,0.29,A,,1,,1,,,,,2,S, ,S, , , , ,,A,1,0,,,,1,0,1,0,0,0,0,,0,0,0,0,0,0,,0,0,0,0,0,0,0,,0,1,0,0,0,0,0,0,0,0,0,0,0,0,0,0,0,0,0,0,0
Megachilidae,,,howardi,C,C,C,C, ,R,R,0.86, ,,34,117,61,37,,6,7,6,C,C,C,C, ,R,R,, ,0,0,,,,1,1,1,1,0,1,1,,0,0,0,0,0,0,,0,0,0,0,0,0,0,,1,1,1,0,1,1,1,1,0,1,1,1,0,1,1,0,1,1,0,0,1
Megachilidae,,(Monumetha),albifrons ssp. maura,C,C,C,C,C,C,C,1, ,,16,136,34,53,13,83,119,7,C,C,C,C,C,C,C,, ,0,0,,,,1,1,1,1,1,1,1,,0,0,0,0,0,0,,0,0,0,0,0,0,0,,1,1,1,1,1,1,1,1,1,1,1,1,1,1,1,1,1,1,1,1,1
Megachilidae,,,fulgida ssp. platyura,C,C,C,C,R,C,R,1, ,,16,65,30,19,4,25,10,7,C,C,C,C,R,C,R,, ,0,0,,,,1,1,1,1,1,1,1,,0,0,0,0,0,0,,0,0,0,0,0,0,0,,1,1,1,1,1,1,1,1,1,1,1,1,1,1,1,1,1,1,1,1,1
Megachilidae,,(Penteriades),remotula,R,C,R, ,S,R,S,0.86, ,,2,17,7,,1,5,1,6,R,C,R, ,S,R,S,, ,0,0,,,,1,1,1,0,1,1,1,,0,0,0,0,0,0,,0,0,0,0,0,0,0,,1,1,0,1,1,1,1,0,1,1,1,0,1,1,1,0,0,0,1,1,1
Megachilidae,,(Proteriades),cryptanthae,R,R, , ,S, , ,0.43,A,,4,2,,,1,,,3,R,R, , ,S, , ,,A,1,0,,,,1,1,0,0,1,0,0,,0,0,0,0,0,0,,0,0,0,0,0,0,0,,1,0,0,1,0,0,0,0,1,0,0,0,0,0,0,0,0,0,0,0,0
Megachilidae,,,jacintana,C,C,S,R, ,R, ,0.71, ,,36,21,1,2,,2,,5,C,C,S,R, ,R, ,, ,0,0,,,,1,1,1,1,0,1,0,,0,0,0,0,0,0,,0,0,0,0,0,0,0,,1,1,1,0,1,0,1,1,0,1,0,1,0,1,0,0,1,0,0,0,0
Megachilidae,,,nanula,R,C,S,R, ,R, ,0.71, ,,8,19,1,3,,5,,5,R,C,S,R, ,R, ,, ,0,0,,,,1,1,1,1,0,1,0,,0,0,0,0,0,0,,0,0,0,0,0,0,0,,1,1,1,0,1,0,1,1,0,1,0,1,0,1,0,0,1,0,0,0,0
Megachilidae,,,seminigra,S,C,R,S, ,S, ,0.71, ,,1,25,5,1,,1,,5,S,C,R,S, ,S, ,, ,0,0,,,,1,1,1,1,0,1,0,,0,0,0,0,0,0,,0,0,0,0,0,0,0,,1,1,1,0,1,0,1,1,0,1,0,1,0,1,0,0,1,0,0,0,0
Megachilidae,,,semirubra,R,R,R,S,R,R,R,1, ,,10,3,6,1,4,3,2,7,R,R,R,S,R,R,R,, ,0,0,,,,1,1,1,1,1,1,1,,0,0,0,0,0,0,,0,0,0,0,0,0,0,,1,1,1,1,1,1,1,1,1,1,1,1,1,1,1,1,1,1,1,1,1
Megachilidae,Megachile,(Argyropile),parallela, ,S, , , , , ,0.14,A,,,1,,,,,,1, ,S, , , , , ,,A,1,0,,,,0,1,0,0,0,0,0,,1,0,0,0,0,0,,0,1,0,0,0,0,0,,0,0,0,0,0,0,0,0,0,0,0,0,0,0,0,0,0,0,0,0,0
Megachilidae,,(Chelostomoides),angelarum, ,C,C, , ,R,R,0.57, ,,,70,22,,,2,3,4, ,C,C, , ,R,R,, ,0,0,,,,0,1,1,0,0,1,1,,1,0,0,0,0,0,,0,0,0,0,0,0,0,,0,0,0,0,0,0,1,0,0,1,1,0,0,1,1,0,0,0,0,0,1
Megachilidae,,,davidsoni, ,C, , , ,S,S,0.43, ,,,19,,,,1,1,3, ,C, , , ,S,S,, ,0,0,,,,0,1,0,0,0,1,1,,1,0,0,0,0,0,,0,0,0,0,0,0,0,,0,0,0,0,0,0,0,0,0,1,1,0,0,0,0,0,0,0,0,0,1
Megachilidae,,,exilis, , , , , , ,R,0.14,N,,,,,,,,2,1, , , , , , ,R,,N,0,1,"P3, Airstrip",0,,0,0,0,0,0,0,1,,0,0,0,0,0,1,,0,0,0,0,0,0,1,,0,0,0,0,0,0,0,0,0,0,0,0,0,0,0,0,0,0,0,0,0
Megachilidae,,,spinotulata, ,C,R, , , , ,0.29,A,,,24,4,,,,,2, ,C,R, , , , ,,A,1,0,,,,0,1,1,0,0,0,0,,1,0,0,0,0,0,,0,0,0,0,0,0,0,,0,0,0,0,0,0,1,0,0,0,0,0,0,0,0,0,0,0,0,0,0
Megachilidae,,(Eutricharaea),apicalis, ,C,R, ,R,S,C,0.71, ,,,32,3,,10,1,45,5, ,C,R, ,R,S,C,, ,0,0,,,,0,1,1,0,1,1,1,,1,0,0,0,0,0,,0,0,0,0,0,0,0,,0,0,0,0,0,0,1,0,1,1,1,0,1,1,1,0,0,0,1,1,1
Megachilidae,,(Litomegachile),coquilletti,S,C,C,S,R,C,C,1, ,,1,24,17,1,9,13,20,7,S,C,C,S,R,C,C,, ,0,0,,,,1,1,1,1,1,1,1,,0,0,0,0,0,0,,0,0,0,0,0,0,0,,1,1,1,1,1,1,1,1,1,1,1,1,1,1,1,1,1,1,1,1,1
Megachilidae,,,gentilis, ,R,S, , , ,R,0.43, ,,,7,1,,,,7,3, ,R,S, , , ,R,, ,0,0,,,,0,1,1,0,0,0,1,,1,0,0,0,0,0,,0,0,0,0,0,0,0,,0,0,0,0,0,0,1,0,0,0,1,0,0,0,1,0,0,0,0,0,0
Megachilidae,,,lippiae, , , , , , ,R,0.14,N,,,,,,,,3,1, , , , , , ,R,,N,0,1,"P1, P2, P9",0,,0,0,0,0,0,0,1,,0,0,0,0,0,1,,0,0,0,0,0,0,1,,0,0,0,0,0,0,0,0,0,0,0,0,0,0,0,0,0,0,0,0,0
Megachilidae,,,onobrychidis, , ,R,S,R,R,C,0.71, ,,,,2,1,6,4,17,5, , ,R,S,R,R,C,, ,0,0,,,,0,0,1,1,1,1,1,,0,1,0,0,0,0,,0,0,0,0,0,0,0,,0,0,0,0,0,0,0,0,0,0,0,1,1,1,1,1,1,1,1,1,1
Megachilidae,,,texana,S,R,R,R, , , ,0.57,A,,1,8,6,3,,,,4,S,R,R,R, , , ,,A,1,0,,,,1,1,1,1,0,0,0,,0,0,0,0,0,0,,0,0,0,0,0,0,0,,1,1,1,0,0,0,1,1,0,0,0,1,0,0,0,0,0,0,0,0,0
Megachilidae,,(Megachile),montivaga, ,R, , ,S,S,R,0.57, ,,,4,,,1,1,7,4, ,R, , ,S,S,R,, ,0,0,,,,0,1,0,0,1,1,1,,1,0,0,0,0,0,,0,0,0,0,0,0,0,,0,0,0,0,0,0,0,0,1,1,1,0,0,0,0,0,0,0,1,1,1
Megachilidae,,(Megachiloides),gravita, ,R, ,C,R,C,C,0.71, ,,,6,,16,4,28,95,5, ,R, ,C,R,C,C,, ,0,0,,,,0,1,0,1,1,1,1,,1,0,0,0,0,0,,0,0,0,0,0,0,0,,0,0,0,0,0,0,0,1,1,1,1,0,0,0,0,1,1,1,1,1,1
Megachilidae,,,pascoensis,R,C,R,C,R,C,C,1, ,,9,66,2,28,6,11,37,7,R,C,R,C,R,C,C,, ,0,0,,,,1,1,1,1,1,1,1,,0,0,0,0,0,0,,0,0,0,0,0,0,0,,1,1,1,1,1,1,1,1,1,1,1,1,1,1,1,1,1,1,1,1,1
Megachilidae,,,pseudonigra,S,R, , , ,R, ,0.43, ,,1,2,,,,5,,3,S,R, , , ,R, ,, ,0,0,,,,1,1,0,0,0,1,0,,0,0,0,0,0,0,,0,0,0,0,0,0,0,,1,0,0,0,1,0,0,0,0,1,0,0,0,0,0,0,0,0,0,0,0
Megachilidae,,,subnigra ssp. angelica, , ,R, ,R,C,R,0.57, ,,,,2,,4,20,2,4, , ,R, ,R,C,R,, ,0,0,,,,0,0,1,0,1,1,1,,0,1,0,0,0,0,,0,0,0,0,0,0,0,,0,0,0,0,0,0,0,0,0,0,0,0,1,1,1,0,0,0,1,1,1
Megachilidae,,(Sayapis),fidelis, ,S,R, , , ,S,0.43, ,,,1,2,,,,1,3, ,S,R, , , ,S,, ,0,0,,,,0,1,1,0,0,0,1,,1,0,0,0,0,0,,0,0,0,0,0,0,0,,0,0,0,0,0,0,1,0,0,0,1,0,0,0,1,0,0,0,0,0,0
Megachilidae,,,frugalis ssp. pseudofrugalis, ,C,C, , ,S,C,0.57, ,,,101,52,,,1,12,4, ,C,C, , ,S,C,, ,0,0,,,,0,1,1,0,0,1,1,,1,0,0,0,0,0,,0,0,0,0,0,0,0,,0,0,0,0,0,0,1,0,0,1,1,0,0,1,1,0,0,0,0,0,1
Megachilidae,,,inimica ssp. jacumbensis, ,R, , , , , ,0.14,A,,,2,,,,,,1, ,R, , , , , ,,A,1,0,,,,0,1,0,0,0,0,0,,1,0,0,0,0,0,,0,1,0,0,0,0,0,,0,0,0,0,0,0,0,0,0,0,0,0,0,0,0,0,0,0,0,0,0
Megachilidae,,,newberryae, ,R,R, , , , ,0.29,A,,,3,8,,,,,2, ,R,R, , , , ,,A,1,0,,,,0,1,1,0,0,0,0,,1,0,0,0,0,0,,0,0,0,0,0,0,0,,0,0,0,0,0,0,1,0,0,0,0,0,0,0,0,0,0,0,0,0,0
Megachilidae,Osmia,(Acanthosmioides),nigrifrons, ,S, ,R, , , ,0.29,A,,,1,,4,,,,2, ,S, ,R, , , ,,A,1,0,,,,0,1,0,1,0,0,0,,1,0,0,0,0,0,,0,0,0,0,0,0,0,,0,0,0,0,0,0,0,1,0,0,0,0,0,0,0,0,0,0,0,0,0
Megachilidae,,,nigrobarbata,R,S,S,S,S,R,S,1, ,,2,1,1,1,1,3,1,7,R,S,S,S,S,R,S,, ,0,0,,,,1,1,1,1,1,1,1,,0,0,0,0,0,0,,0,0,0,0,0,0,0,,1,1,1,1,1,1,1,1,1,1,1,1,1,1,1,1,1,1,1,1,1
Megachilidae,,,odontogaster,R,C,C,R,S,R,C,1, ,,9,16,11,7,1,10,16,7,R,C,C,R,S,R,C,, ,0,0,,,,1,1,1,1,1,1,1,,0,0,0,0,0,0,,0,0,0,0,0,0,0,,1,1,1,1,1,1,1,1,1,1,1,1,1,1,1,1,1,1,1,1,1
Megachilidae,,,sedula,S,C,R,R,C,R,S,1, ,,1,14,10,2,22,9,1,7,S,C,R,R,C,R,S,, ,0,0,,,,1,1,1,1,1,1,1,,0,0,0,0,0,0,,0,0,0,0,0,0,0,,1,1,1,1,1,1,1,1,1,1,1,1,1,1,1,1,1,1,1,1,1
Megachilidae,,(Cephalosmia),californica,R,R,S,S, ,R,R,0.86, ,,2,4,1,1,,6,10,6,R,R,S,S, ,R,R,, ,0,0,,,,1,1,1,1,0,1,1,,0,0,0,0,0,0,,0,0,0,0,0,0,0,,1,1,1,0,1,1,1,1,0,1,1,1,0,1,1,0,1,1,0,0,1
Megachilidae,,,montana ssp. quadriceps,R,R,R,C,S,C,R,1, ,,8,2,3,11,1,29,7,7,R,R,R,C,S,C,R,, ,0,0,,,,1,1,1,1,1,1,1,,0,0,0,0,0,0,,0,0,0,0,0,0,0,,1,1,1,1,1,1,1,1,1,1,1,1,1,1,1,1,1,1,1,1,1
Megachilidae,,(Euthosmia),glauca,R,C,C,C,C,C,C,1, ,,5,67,99,48,40,40,30,7,R,C,C,C,C,C,C,, ,0,0,,,,1,1,1,1,1,1,1,,0,0,0,0,0,0,,0,0,0,0,0,0,0,,1,1,1,1,1,1,1,1,1,1,1,1,1,1,1,1,1,1,1,1,1
Megachilidae,,(Helicosmia),coloradensis, ,C,C,R, ,R,R,0.71, ,,,11,11,5,,8,4,5, ,C,C,R, ,R,R,, ,0,0,,,,0,1,1,1,0,1,1,,1,0,0,0,0,0,,0,0,0,0,0,0,0,,0,0,0,0,0,0,1,1,0,1,1,1,0,1,1,0,1,1,0,0,1
Megachilidae,,,texana, ,C,S,R,R,R,R,0.86, ,,,22,1,4,3,3,10,6, ,C,S,R,R,R,R,, ,0,0,,,,0,1,1,1,1,1,1,,1,0,0,0,0,0,,0,0,0,0,0,0,0,,0,0,0,0,0,0,1,1,1,1,1,1,1,1,1,1,1,1,1,1,1
Megachilidae,,(Melanosmia),aglaia,R,C,C,C,C,C,C,1, ,,5,109,30,37,35,49,255,7,R,C,C,C,C,C,C,, ,0,0,,,,1,1,1,1,1,1,1,,0,0,0,0,0,0,,0,0,0,0,0,0,0,,1,1,1,1,1,1,1,1,1,1,1,1,1,1,1,1,1,1,1,1,1
Megachilidae,,,atrocyanea,R,C,C,C,C,C,C,1, ,,8,18,14,11,37,40,40,7,R,C,C,C,C,C,C,, ,0,0,,,,1,1,1,1,1,1,1,,0,0,0,0,0,0,,0,0,0,0,0,0,0,,1,1,1,1,1,1,1,1,1,1,1,1,1,1,1,1,1,1,1,1,1
Megachilidae,,,brevis,C,C,C,C,R,C,C,1, ,,44,117,74,58,9,145,95,7,C,C,C,C,R,C,C,, ,0,0,,,,1,1,1,1,1,1,1,,0,0,0,0,0,0,,0,0,0,0,0,0,0,,1,1,1,1,1,1,1,1,1,1,1,1,1,1,1,1,1,1,1,1,1
Megachilidae,,,calla,R,C,C,C,R,C,C,1, ,,6,23,24,22,3,14,15,7,R,C,C,C,R,C,C,, ,0,0,,,,1,1,1,1,1,1,1,,0,0,0,0,0,0,,0,0,0,0,0,0,0,,1,1,1,1,1,1,1,1,1,1,1,1,1,1,1,1,1,1,1,1,1
Megachilidae,,,cara,C,C,C,C,S,C,C,1, ,,12,41,17,11,1,16,23,7,C,C,C,C,S,C,C,, ,0,0,,,,1,1,1,1,1,1,1,,0,0,0,0,0,0,,0,0,0,0,0,0,0,,1,1,1,1,1,1,1,1,1,1,1,1,1,1,1,1,1,1,1,1,1
Megachilidae,,,clarescens,R,C,C,R, ,R,R,0.86, ,,3,25,13,4,,2,2,6,R,C,C,R, ,R,R,, ,0,0,,,,1,1,1,1,0,1,1,,0,0,0,0,0,0,,0,0,0,0,0,0,0,,1,1,1,0,1,1,1,1,0,1,1,1,0,1,1,0,1,1,0,0,1
Megachilidae,,,cyanella,C,C,C,C,R,C,C,1, ,,13,17,13,12,3,17,28,7,C,C,C,C,R,C,C,, ,0,0,,,,1,1,1,1,1,1,1,,0,0,0,0,0,0,,0,0,0,0,0,0,0,,1,1,1,1,1,1,1,1,1,1,1,1,1,1,1,1,1,1,1,1,1
Megachilidae,,,cyanopoda,S,C,R,R, , ,S,0.71, ,,1,29,3,3,,,1,5,S,C,R,R, , ,S,, ,0,0,,,,1,1,1,1,0,0,1,,0,0,0,0,0,0,,0,0,0,0,0,0,0,,1,1,1,0,0,1,1,1,0,0,1,1,0,0,1,0,0,1,0,0,0
Megachilidae,,,densa,C,C,C,R,R,C,C,1, ,,11,25,26,8,5,38,20,7,C,C,C,R,R,C,C,, ,0,0,,,,1,1,1,1,1,1,1,,0,0,0,0,0,0,,0,0,0,0,0,0,0,,1,1,1,1,1,1,1,1,1,1,1,1,1,1,1,1,1,1,1,1,1
Megachilidae,,,gabrielis,C,C,C,C,R,C,C,1, ,,25,64,26,21,9,29,42,7,C,C,C,C,R,C,C,, ,0,0,,,,1,1,1,1,1,1,1,,0,0,0,0,0,0,,0,0,0,0,0,0,0,,1,1,1,1,1,1,1,1,1,1,1,1,1,1,1,1,1,1,1,1,1
Megachilidae,,,gaudiosa, , , , ,R,C,R,0.43, ,,,,,,2,16,4,3, , , , ,R,C,R,, ,0,0,,,,0,0,0,0,1,1,1,,0,0,0,1,0,0,,0,0,0,0,0,0,0,,0,0,0,0,0,0,0,0,0,0,0,0,0,0,0,0,0,0,1,1,1
Megachilidae,,,granulosa,R,C,C,C,R,C,C,1, ,,7,33,20,49,9,32,98,7,R,C,C,C,R,C,C,, ,0,0,,,,1,1,1,1,1,1,1,,0,0,0,0,0,0,,0,0,0,0,0,0,0,,1,1,1,1,1,1,1,1,1,1,1,1,1,1,1,1,1,1,1,1,1
Megachilidae,,,aff. hesperos, , , , , ,S, ,0.14,N,,,,,,,1,,1, , , , , ,S, ,,N,0,1,P2,1,hesperos,0,0,0,0,0,1,0,,0,0,0,0,1,0,,0,0,0,0,0,1,0,,0,0,0,0,0,0,0,0,0,0,0,0,0,0,0,0,0,0,0,0,0
Megachilidae,,,inurbana, , ,R,R,C,C,C,0.71, ,,,,2,8,49,146,155,5, , ,R,R,C,C,C,, ,0,0,,,,0,0,1,1,1,1,1,,0,1,0,0,0,0,,0,0,0,0,0,0,0,,0,0,0,0,0,0,0,0,0,0,0,1,1,1,1,1,1,1,1,1,1
Megachilidae,,,kincaidii,C,C,C,C,R,C,C,1, ,,19,39,33,13,2,22,16,7,C,C,C,C,R,C,C,, ,0,0,,,,1,1,1,1,1,1,1,,0,0,0,0,0,0,,0,0,0,0,0,0,0,,1,1,1,1,1,1,1,1,1,1,1,1,1,1,1,1,1,1,1,1,1
Megachilidae,,,laeta,R,C,C,R,R,C,C,1, ,,6,14,15,10,3,15,17,7,R,C,C,R,R,C,C,, ,0,0,,,,1,1,1,1,1,1,1,,0,0,0,0,0,0,,0,0,0,0,0,0,0,,1,1,1,1,1,1,1,1,1,1,1,1,1,1,1,1,1,1,1,1,1
Megachilidae,,,malina, , ,S, , , , ,0.14,A,,,,1,,,,,1, , ,S, , , , ,,A,1,0,,,,0,0,1,0,0,0,0,,0,1,0,0,0,0,,0,0,1,0,0,0,0,,0,0,0,0,0,0,0,0,0,0,0,0,0,0,0,0,0,0,0,0,0
Megachilidae,,,melanopleura,C,C,C,C,R,C,R,1, ,,17,57,51,14,1,13,6,7,C,C,C,C,S,C,R,, ,0,0,,,,1,1,1,1,1,1,1,,0,0,0,0,0,0,,0,0,0,0,0,0,0,,1,1,1,1,1,1,1,1,1,1,1,1,1,1,1,1,1,1,1,1,1
Megachilidae,,,pusilla,R,C, ,R,R,R,R,0.86, ,,5,11,,2,3,5,3,6,R,C, ,R,R,R,R,, ,0,0,,,,1,1,0,1,1,1,1,,0,0,0,0,0,0,,0,0,0,0,0,0,0,,1,0,1,1,1,1,0,1,1,1,1,0,0,0,0,1,1,1,1,1,1
Megachilidae,,,aff. pusilla, , , , , ,S, ,0.14,N,,,,,,,1,,1, , , , , ,S, ,,N,0,1,"P6, P7, P8, P9",0,pusilla,0,0,0,0,0,1,0,,0,0,0,0,1,0,,0,0,0,0,0,1,0,,0,0,0,0,0,0,0,0,0,0,0,0,0,0,0,0,0,0,0,0,0
Megachilidae,,,raritatis,R,R,R,R, ,R,R,0.86, ,,3,6,4,4,,5,5,6,R,R,R,R, ,R,R,, ,0,0,,,,1,1,1,1,0,1,1,,0,0,0,0,0,0,,0,0,0,0,0,0,0,,1,1,1,0,1,1,1,1,0,1,1,1,0,1,1,0,1,1,0,0,1
Megachilidae,,,regulina,R,C,C,C,C,C,C,1, ,,7,65,22,25,67,111,302,7,R,C,C,C,C,C,C,, ,0,0,,,,1,1,1,1,1,1,1,,0,0,0,0,0,0,,0,0,0,0,0,0,0,,1,1,1,1,1,1,1,1,1,1,1,1,1,1,1,1,1,1,1,1,1
Megachilidae,,,rostrata, , , ,R, , , ,0.14,A,,,,,2,,,,1, , , ,R, , , ,,A,1,0,,,,0,0,0,1,0,0,0,,0,0,1,0,0,0,,0,0,0,1,0,0,0,,0,0,0,0,0,0,0,0,0,0,0,0,0,0,0,0,0,0,0,0,0
Megachilidae,,,sp. P1, , , , ,R, ,R,0.29, ,,,,,,4,,2,2, , , , ,R, ,R,, ,0,0,,,,0,0,0,0,1,0,1,,0,0,0,1,0,0,,0,0,0,0,0,0,0,,0,0,0,0,0,0,0,0,0,0,0,0,0,0,0,0,0,0,0,1,0
Megachilidae,,,tristella, ,R,S,R, , , ,0.43,A,,,2,1,2,,,,3, ,R,S,R, , , ,,A,1,0,,,,0,1,1,1,0,0,0,,1,0,0,0,0,0,,0,0,0,0,0,0,0,,0,0,0,0,0,0,1,1,0,0,0,1,0,0,0,0,0,0,0,0,0
Megachilidae,,,vandykei, ,R,R,R, , , ,0.43,A,,,2,6,2,,,,3, ,R,R,R, , , ,,A,1,0,,,,0,1,1,1,0,0,0,,1,0,0,0,0,0,,0,0,0,0,0,0,0,,0,0,0,0,0,0,1,1,0,0,0,1,0,0,0,0,0,0,0,0,0
Megachilidae,,,visenda,C,C,C,R,R,C,C,1, ,,12,58,29,8,7,60,28,7,C,C,C,R,R,C,C,, ,0,0,,,,1,1,1,1,1,1,1,,0,0,0,0,0,0,,0,0,0,0,0,0,0,,1,1,1,1,1,1,1,1,1,1,1,1,1,1,1,1,1,1,1,1,1
Megachilidae,,(Mystacosmia),nemoris, ,R,C,C,C,C,C,0.86, ,,,10,49,246,2800,1072,5061,6, ,R,C,C,C,C,C,, ,0,0,,,,0,1,1,1,1,1,1,,1,0,0,0,0,0,,0,0,0,0,0,0,0,,0,0,0,0,0,0,1,1,1,1,1,1,1,1,1,1,1,1,1,1,1
Megachilidae,,(Osmia),lignaria ssp. propinqua,R,C,C,S,R,C,C,1, ,,4,54,227,1,3,32,11,7,R,C,C,S,R,C,C,, ,0,0,,,,1,1,1,1,1,1,1,,0,0,0,0,0,0,,0,0,0,0,0,0,0,,1,1,1,1,1,1,1,1,1,1,1,1,1,1,1,1,1,1,1,1,1
Megachilidae,,,ribifloris ssp. biedermannii, ,S,S, , , , ,0.29,A,,,1,1,,,,,2, ,S,S, , , , ,,A,1,0,,,,0,1,1,0,0,0,0,,1,0,0,0,0,0,,0,0,0,0,0,0,0,,0,0,0,0,0,0,1,0,0,0,0,0,0,0,0,0,0,0,0,0,0
Megachilidae,,(Pyrosmia),nigricollis, , , , , , ,S,0.14,N,,,,,,,,1,1, , , , , , ,S,,N,0,1,P6,1,,0,0,0,0,0,0,1,,0,0,0,0,0,1,,0,0,0,0,0,0,1,,0,0,0,0,0,0,0,0,0,0,0,0,0,0,0,0,0,0,0,0,0
Megachilidae,,(Trichinosmia),latisulcata, ,R,S,R, ,C,S,0.71, ,,,3,1,2,,13,1,5, ,R,S,R, ,C,S,, ,0,0,,,,0,1,1,1,0,1,1,,1,0,0,0,0,0,,0,0,0,0,0,0,0,,0,0,0,0,0,0,1,1,0,1,1,1,0,1,1,0,1,1,0,0,1
Megachilidae,Protosmia,(Chelostomopsis),rubifloris,C,C,C,C,R,C,C,1, ,,44,251,134,93,8,164,71,7,C,C,C,C,R,C,C,, ,0,0,,,,1,1,1,1,1,1,1,,0,0,0,0,0,0,,0,0,0,0,0,0,0,,1,1,1,1,1,1,1,1,1,1,1,1,1,1,1,1,1,1,1,1,1
Megachilidae,Stelis,(Protostelis),anthidioides,S, ,R, ,S,S, ,0.57, ,,1,,2,,1,1,,4,S, ,R, ,S,S, ,, ,0,0,,,,1,0,1,0,1,1,0,,0,0,0,0,0,0,,0,0,0,0,0,0,0,,0,1,0,1,1,0,0,0,0,0,0,0,1,1,0,0,0,0,1,0,0
Megachilidae,,,hurdi, ,R,R,R,R,R, ,0.71, ,,,3,9,5,2,8,,5, ,R,R,R,R,R, ,, ,0,0,,,,0,1,1,1,1,1,0,,1,0,0,0,0,0,,0,0,0,0,0,0,0,,0,0,0,0,0,0,1,1,1,1,0,1,1,1,0,1,1,0,1,0,0
Megachilidae,,(Stelis),aff. foederalis n.sp., ,S, ,R, ,R, ,0.43, ,,,1,,2,,2,,3, ,S, ,R, ,R, ,, ,0,0,,,,0,1,0,1,0,1,0,,1,0,0,0,0,0,,0,0,0,0,0,0,0,,0,0,0,0,0,0,0,1,0,1,0,0,0,0,0,0,1,0,0,0,0
Megachilidae,,,ashmeadiellae, ,R,R,R, ,S,S,0.71, ,,,3,2,4,,1,1,5, ,R,R,R, ,S,S,, ,0,0,,,,0,1,1,1,0,1,1,,1,0,0,0,0,0,,0,0,0,0,0,0,0,,0,0,0,0,0,0,1,1,0,1,1,1,0,1,1,0,1,1,0,0,1
Megachilidae,,,calliphorina, ,R, , , , , ,0.14,A,,,3,,,,,,1, ,R, , , , , ,,A,1,0,,,,0,1,0,0,0,0,0,,1,0,0,0,0,0,,0,1,0,0,0,0,0,,0,0,0,0,0,0,0,0,0,0,0,0,0,0,0,0,0,0,0,0,0
Megachilidae,,,chemsaki, , , , , , ,R,0.14,N,,,,,,,,9,1, , , , , , ,R,,N,0,1,"Airstrip, P6",1,,0,0,0,0,0,0,1,,0,0,0,0,0,1,,0,0,0,0,0,0,1,,0,0,0,0,0,0,0,0,0,0,0,0,0,0,0,0,0,0,0,0,0
Megachilidae,,,cockerelli, , , ,R, ,R,R,0.43, ,,,,,2,,2,2,3, , , ,R, ,R,R,, ,0,0,,,,0,0,0,1,0,1,1,,0,0,1,0,0,0,,0,0,0,0,0,0,0,,0,0,0,0,0,0,0,0,0,0,0,0,0,0,0,0,1,1,0,0,1
Megachilidae,,,interrupta, , , ,S, , ,S,0.29, ,,,,,1,,,1,2, , , ,S, , ,S,, ,0,0,,,,0,0,0,1,0,0,1,,0,0,1,0,0,0,,0,0,0,0,0,0,0,,0,0,0,0,0,0,0,0,0,0,0,0,0,0,0,0,0,1,0,0,0
Megachilidae,,,lateralis, ,R,R,R, ,R, ,0.57, ,,,2,3,5,,5,,4, ,R,R,R, ,R, ,, ,0,0,,,,0,1,1,1,0,1,0,,1,0,0,0,0,0,,0,0,0,0,0,0,0,,0,0,0,0,0,0,1,1,0,1,0,1,0,1,0,0,1,0,0,0,0
Megachilidae,,,micheneri,S,R, ,S, ,R, ,0.57, ,,1,10,,1,,3,,4,S,R, ,S, ,R, ,, ,0,0,,,,1,1,0,1,0,1,0,,0,0,0,0,0,0,,0,0,0,0,0,0,0,,1,0,1,0,1,0,0,1,0,1,0,0,0,0,0,0,1,0,0,0,0
Megachilidae,,,montana,R,R,R,R,S,R,R,1, ,,4,9,4,2,1,7,3,7,R,R,R,R,S,R,R,, ,0,0,,,,1,1,1,1,1,1,1,,0,0,0,0,0,0,,0,0,0,0,0,0,0,,1,1,1,1,1,1,1,1,1,1,1,1,1,1,1,1,1,1,1,1,1
Megachilidae,,,nigriventris, ,R,R, , , , ,0.29,A,,,2,2,,,,,2, ,R,R, , , , ,,A,1,0,,,,0,1,1,0,0,0,0,,1,0,0,0,0,0,,0,0,0,0,0,0,0,,0,0,0,0,0,0,1,0,0,0,0,0,0,0,0,0,0,0,0,0,0
Megachilidae,,,occidentalis,S,R, , , , ,S,0.43, ,,1,5,,,,,1,3,S,R, , , , ,S,, ,0,0,,,,1,1,0,0,0,0,1,,0,0,0,0,0,0,,0,0,0,0,0,0,0,,1,0,0,0,0,1,0,0,0,0,1,0,0,0,0,0,0,0,0,0,0
Megachilidae,,,subemarginata,R,R,R,R, ,S, ,0.71, ,,3,4,2,5,,1,,5,R,R,R,R, ,S, ,, ,0,0,,,,1,1,1,1,0,1,0,,0,0,0,0,0,0,,0,0,0,0,0,0,0,,1,1,1,0,1,0,1,1,0,1,0,1,0,1,0,0,1,0,0,0,0
Megachilidae,Trachusa,(Heteranthidium),timberlakei, ,R,C,C,R,R,R,0.86, ,,,5,36,12,9,7,3,6, ,R,C,C,R,R,R,, ,0,0,,,,0,1,1,1,1,1,1,,1,0,0,0,0,0,,0,0,0,0,0,0,0,,0,0,0,0,0,0,1,1,1,1,1,1,1,1,1,1,1,1,1,1,1
Megachilidae,,(Trachusomimus),perdita, ,C,C,C,C,C,R,0.86, ,,,42,147,29,16,124,7,6, ,C,C,C,C,C,R,, ,0,0,,,,0,1,1,1,1,1,1,,1,0,0,0,0,0,,0,0,0,0,0,0,0,,0,0,0,0,0,0,1,1,1,1,1,1,1,1,1,1,1,1,1,1,1
,,,,,,,,,,,,,,71,122,107,92,62,96,99,,,,,,,,,,,,,,,,,,,,,,,,53,5,3,4,6,6,,,,,,,,,,,,,,,,,,,,,,,,,,,,,,
Melittidae,Hesperapis,(Amblyapis),ilicifoliae,C,C,C,C,C,C,C,1, ,,22,192,617,245,23,26,88,7,C,C,C,C,C,C,C,, ,0,0,,,,1,1,1,1,1,1,1,,0,0,0,0,0,0,,0,0,0,0,0,0,0,,1,1,1,1,1,1,1,1,1,1,1,1,1,1,1,1,1,1,1,1,1
Melittidae,,(Panurgomia),regularis,C,C,C,C,C,C,C,1, ,,20,179,467,882,296,4057,1867,7,C,C,C,C,C,C,C,, ,0,0,,,,1,1,1,1,1,1,1,,0,0,0,0,0,0,,0,0,0,0,0,0,0,,1,1,1,1,1,1,1,1,1,1,1,1,1,1,1,1,1,1,1,1,1
,,,,,,,,,,,,,,1328,7914,8840,6958,5038,18343,27590,,,,,,,,,,,95,48,,18,,172,299,313,211,151,291,294,,140,60,10,20,22,26,,4,22,21,2,5,15,26,,159,154,136,84,145,141,247,186,111,220,209,188,121,235,227,95,172,169,127,132,230
,,,,,,,,,,,,,,,,,,,,,,,,,,,,,,,,,,48,,1996,1997,1998,1999,2002,2011,2012,,,,,,,,,,,,,,,,,96:97,96:98,96:99,96:02:00,96:11:00,96:12:00,97:98,97:99,97:02:00,97:11:00,97:12:00,98:99,98:02:00,98:11:00,98:12:00,99:02:00,99:11:00,99:12:00,2:11,2:12,11:12
,,,,,,,,,,,,,,,,,,,,,,,,,,,,,,,,,,,,,,,,,,,,,,,,,,,,,,,,,,,0.675159236,0.635051546,0.710182768,0.520123839,0.626349892,0.605150215,0.807189542,0.729411765,0.493333333,0.745762712,0.704890388,0.717557252,0.521551724,0.778145695,0.747940692,0.524861878,0.685258964,0.669306931,0.574660633,0.593258427,0.786324786
,,,,,,,,,,,,,,,,,,,,,,,,,,,,,,,,,,,,,,,,,,,,,,,,,,,,,,,,,,,,,,,,,,,,,,,,,,,,,,,
,,,,,,,,,,,,,,,,,,,,,,,,,,,,,,,,,,,,,,,,,,,,,,,,,,,,,,,,,,,,,,,,,,,,,,,,,,,,,,,
,,,,,,,,,,,,,,,,,,,,,,,,,,,,,,,,,,,,,,,,,,,,,,,,,,,,,,,,,,,,,,,,,,,,,,,,,,,,,,,
,,,,,,,,,,,,,,,,,25040,,,,,,,,,,,,,,,,,,,,,,,,,,,,,,,,,,,,,,,,,,,,,,,,,,,,,,,,,,,,,,
,,,,,,,,,,,,,,,,,,,45933,,,,,,,,,,,,,,,,,,,,,,,,,,,,,,,,,,,,,,,,,,,,,,,,,,,,,,,,,,,,
,,,,,,,,,,,,,,,,,,,,,,,,,,,,,,,,,,,,,,,,,,,,,,,,,,,,,,,,,,,,,,,,,,,,,,,,,,,,,,,
,,,,,,,,,,,,,,,,,,,,,,,,,,,,,,,,,,,,,,,,,,,,,,,,,,,,,,,,,,,,,,,,,,,,,,,,,,,,,,,
,,,,,,,,,,,,,,,,,,,,,,,,,,,,,,,,,,,,,,,,,,,,,,,,,,,,,,,,,,,,,,,,,,,,,,,,,,,,,,,
,,,,,,,,,,,,,,,,,,,,,,,,,,,,,,,,,,,,,,,,,,,,,,,,,,,,,,,,,,,,,,,,,,,,,,,,,,,,,,,
,,,,,,,,,,,,,,,,,,,,,,,,,,,,,,,,,,,,,,,,,,,,,,,,,,,,,,,,,,,,,,,,,,,,,,,,,,,,,,,
,,,,,,,,,,,,,,,,,,,6920,,,,,,,,,,,,,,,,,,,,,,,,,,,,,,,,,,,,,,,,,,,,,,,,,,,,,,,,,,,,
,,,,,,,,,,,,,,,,,,,6554,,,,,,,,,,,,,,,,,,,,,,,,,,,,,,,,,,,,,,,,,,,,,,,,,,,,,,,,,,,,